,Player,Nation,Pos,Squad,Age,Born,90s,Gls,Sh,SoT,SoT%,Sh/90,SoT/90,G/Sh,G/SoT,Dist,FK,PK,PKatt,xG,npxG,npxG/Sh,G-xG,np:G-xG,Matches
1,Jones El-Abdellaoui,ma MAR,"MF,FW",Celta Vigo,20-004,2006,3.2,2,9,3,33.3,2.81,0.94,0.22,0.67,17.7,0,0,0,2.2,2.2,0.25,-0.2,-0.2,Matches
2,Abdel Abqar,ma MAR,DF,Getafe,26-312,1999,7.7,0,6,1,16.7,0.78,0.13,0.00,0.00,13.8,0,0,0,0.2,0.2,0.04,-0.2,-0.2,Matches
3,Akor Adams,ng NGA,FW,Sevilla,25-352,2000,9.5,3,28,13,46.4,2.96,1.37,0.11,0.23,15.1,0,0,0,3.9,3.9,0.14,-0.9,-0.9,Matches
4,David Affengruber,at AUT,DF,Elche,24-303,2001,16.3,0,5,1,20.0,0.31,0.06,0.00,0.00,11.6,0,0,0,0.4,0.4,0.09,-0.4,-0.4,Matches
5,Julen Agirrezabala,es ESP,GK,Valencia,25-021,2000,18.0,0,0,0,,0.00,0.00,,,,0,0,0,0.0,0.0,,0.0,0.0,Matches
6,Lucien Agoume,fr FRA,MF,Sevilla,23-341,2002,13.6,1,8,2,25.0,0.59,0.15,0.13,0.50,17.9,0,0,0,0.5,0.5,0.06,+0.5,+0.5,Matches
7,Marc Aguado,es ESP,MF,Elche,25-328,2000,13.7,0,1,0,0.0,0.07,0.00,0.00,,17.7,0,0,0,0.0,0.0,0.04,0.0,0.0,Matches
8,Pablo Agudín,es ESP,"MF,FW",Oviedo,18-069,2007,0.8,0,2,0,0.0,2.57,0.00,0.00,,24.8,0,0,0,0.0,0.0,0.02,0.0,0.0,Matches
9,Lucas Ahijado,es ESP,DF,Oviedo,30-351,1995,7.6,0,7,2,28.6,0.92,0.26,0.00,0.00,18.3,0,0,0,0.7,0.7,0.11,-0.7,-0.7,Matches
10,Joseph Aidoo,gh GHA,DF,Celta Vigo,30-109,1995,2.2,0,2,0,0.0,0.91,0.00,0.00,,8.2,0,0,0,0.2,0.2,0.12,-0.2,-0.2,Matches
11,Ilias Akhomach,ma MAR,"MF,FW",Villarreal,21-275,2004,2.1,0,6,2,33.3,2.87,0.96,0.00,0.00,19.1,0,0,0,0.6,0.6,0.10,-0.6,-0.6,Matches
12,David Alaba,at AUT,DF,Real Madrid,33-206,1992,0.6,0,1,1,100.0,1.58,1.58,0.00,0.00,31.9,1,0,0,0.0,0.0,0.03,0.0,0.0,Matches
13,Alexandre Alemão,br BRA,FW,Rayo Vallecano,27-290,1998,6.2,1,13,6,46.2,2.10,0.97,0.08,0.17,14.1,0,0,0,1.6,1.6,0.13,-0.6,-0.6,Matches
14,Carles Aleñá,es ESP,"MF,FW",Alavés,28-011,1998,11.7,0,16,3,18.8,1.36,0.26,0.00,0.00,19.2,0,0,0,1.2,1.2,0.07,-1.2,-1.2,Matches
15,Trent Alexander-Arnold,eng ENG,DF,Real Madrid,27-101,1998,4.4,0,3,0,0.0,0.69,0.00,0.00,,29.3,0,0,0,0.1,0.1,0.02,-0.1,-0.1,Matches
16,Alfon,es ESP,"FW,DF",Sevilla,26-257,1999,3.5,1,11,7,63.6,3.17,2.02,0.09,0.14,19.5,0,0,0,0.7,0.7,0.06,+0.3,+0.3,Matches
17,Thiago Almada,ar ARG,"MF,FW",Atlético Madrid,24-265,2001,4.8,2,10,6,60.0,2.08,1.25,0.20,0.33,15.9,0,0,0,2.3,2.3,0.23,-0.3,-0.3,Matches
18,Domingos André Ribeiro Almeida,pt POR,"MF,FW",Valencia,25-231,2000,8.8,0,8,2,25.0,0.91,0.23,0.00,0.00,21.7,1,0,0,0.6,0.6,0.07,-0.6,-0.6,Matches
19,Marcos Alonso,es ESP,DF,Celta Vigo,35-019,1990,14.9,1,9,1,11.1,0.60,0.07,0.00,0.00,19.7,2,1,1,1.2,0.4,0.05,-0.2,-0.4,Matches
20,Adrià Altimira,es ESP,DF,Villarreal,24-294,2001,0.1,0,0,0,,0.00,0.00,,,,0,0,0,0.0,0.0,,0.0,0.0,Matches
21,Sergi Altimira,es ESP,MF,Real Betis,24-144,2001,6.3,1,2,1,50.0,0.32,0.16,0.50,1.00,18.5,0,0,0,0.2,0.2,0.08,+0.8,+0.8,Matches
22,Carlos Álvarez,es ESP,MF,Levante,22-163,2003,14.3,3,19,8,42.1,1.33,0.56,0.16,0.38,20.5,3,0,0,1.6,1.6,0.08,+1.4,+1.4,Matches
23,Hugo Álvarez,es ESP,"FW,MF",Celta Vigo,22-198,2003,4.6,2,3,2,66.7,0.66,0.44,0.67,1.00,17.4,0,0,0,0.1,0.1,0.05,+1.9,+1.9,Matches
24,Julián Álvarez,ar ARG,FW,Atlético Madrid,25-350,2000,15.2,7,34,16,47.1,2.23,1.05,0.15,0.31,20.0,5,2,3,6.4,4.0,0.12,+0.6,+1.0,Matches
25,Sofyan Amrabat,ma MAR,MF,Real Betis,29-148,1996,6.7,0,4,1,25.0,0.60,0.15,0.00,0.00,26.7,0,0,0,0.1,0.1,0.03,-0.1,,
6,Miguel Ángel Rubio,es ESP,DF,Espanyol,27-311,1998,1.5,1,1,1,100.0,0.65,0.65,1.00,1.00,4.5,0,0,0,0.7,0.7,0.65,+0.3,+0.3,Matches
27,Miguel Ángel Sierra,es ESP,"FW,MF",Sevilla,21-186,2004,0.4,0,2,1,50.0,5.29,2.65,0.00,0.00,18.8,0,0,0,0.2,0.2,0.08,-0.2,-0.2,Matches
28,Antoniu,es ESP,"FW,MF",Espanyol,23-133,2002,1.0,0,3,0,0.0,3.14,0.00,0.00,,19.3,0,0,0,0.2,0.2,0.05,-0.2,-0.2,Matches
29,Antony,br BRA,FW,Real Betis,25-326,2000,13.0,5,45,18,40.0,3.45,1.38,0.11,0.28,19.8,0,0,0,4.2,4.2,0.09,+0.8,+0.8,Matches
30,Mauro Arambarri,uy URU,MF,Getafe,30-108,1995,18.6,3,35,10,28.6,1.88,0.54,0.09,0.30,15.2,1,0,0,2.7,2.7,0.08,+0.3,+0.3,Matches
31,Jon Aramburu,ve VEN,DF,Real Sociedad,23-177,2002,16.0,1,15,5,33.3,0.94,0.31,0.07,0.20,17.6,0,0,0,1.5,1.5,0.10,-0.5,-0.5,Matches
32,Juan Arango,ve VEN,FW,Girona,19-229,2006,0.1,0,0,0,,0.00,0.00,,,,0,0,0,0.0,0.0,,0.0,0.0,Matches
33,Ronald Araújo,uy URU,DF,Barcelona,26-315,1999,7.2,2,6,4,66.7,0.83,0.55,0.33,0.50,19.4,0,0,0,0.4,0.4,0.06,+1.6,+1.6,Matches
34,Jesús Areso,es ESP,DF,Athletic Club,26-198,1999,11.1,0,1,0,0.0,0.09,0.00,0.00,,19.9,0,0,0,0.0,0.0,0.03,0.0,0.0,Matches
35,Iñigo Arguibide,es ESP,DF,Osasuna,20-272,2005,2.0,0,0,0,,0.00,0.00,,,,0,0,0,0.0,0.0,,0.0,0.0,Matches
36,Kervin Arriaga,hn HON,MF,Levante,28-011,1998,10.8,1,6,3,50.0,0.55,0.28,0.17,0.33,26.5,0,0,0,0.2,0.2,0.03,+0.8,+0.8,Matches
37,Takuma Asano,jp JPN,FW,Mallorca,31-067,1994,4.5,1,9,1,11.1,2.02,0.22,0.11,1.00,12.4,0,0,0,1.1,1.1,0.12,-0.1,-0.1,Matches
38,Raúl Asencio,es ESP,DF,Real Madrid,22-337,2003,9.5,1,9,2,22.2,0.95,0.21,0.11,0.50,15.6,0,0,0,0.6,0.6,0.07,+0.4,+0.4,Matches
39,Iago Aspas,es ESP,"FW,MF",Celta Vigo,38-168,1987,8.1,2,15,7,46.7,1.86,0.87,0.07,0.14,21.6,0,1,1,2.7,1.9,0.13,-0.7,-0.9,Matches
40,Yaser Asprilla,co COL,"FW,MF",Girona,22-058,2003,6.6,0,15,5,33.3,2.28,0.76,0.00,0.00,23.1,1,0,0,0.6,0.6,0.04,-0.6,-0.6,Matches
41,Lander Astiazaran,es ESP,MF,Real Sociedad,19-284,2006,0.0,0,1,0,0.0,90.00,0.00,0.00,,26.5,0,0,0,0.0,0.0,0.03,0.0,0.0,Matches
42,Ezequiel Ávila,ar ARG,"FW,MF",Real Betis,31-344,1994,0.7,0,1,0,0.0,1.48,0.00,0.00,,13.0,0,0,0,0.3,0.3,0.27,-0.3,-0.3,Matches
43,César Azpilicueta,es ESP,DF,Sevilla,36-141,1989,7.5,0,0,0,,0.00,0.00,,,,0,0,0,0.0,0.0,,0.0,0.0,Matches
44,Alex Baena,es ESP,"MF,FW",Atlético Madrid,24-180,2001,6.8,2,11,5,45.5,1.62,0.74,0.18,0.40,19.9,0,0,0,1.2,1.2,0.11,+0.8,+0.8,Matches
45,Eric Bailly,ci CIV,DF,Oviedo,31-279,1994,4.6,0,2,0,0.0,0.44,0.00,0.00,,11.8,0,0,0,0.2,0.2,0.11,-0.2,-0.2,Matches
46,Cédric Bakambu,cd COD,FW,Real Betis,34-280,1991,0.8,1,4,2,50.0,5.07,2.54,0.25,0.50,12.8,0,0,0,0.4,0.4,0.11,+0.6,+0.6,Matches
47,Alejandro Balde,es ESP,DF,Barcelona,22-090,2003,12.5,0,7,1,14.3,0.56,0.08,0.00,0.00,20.9,0,0,0,0.2,0.2,0.04,-0.2,-0.2,Matches
48,Iván Balliu,al ALB,DF,Rayo Vallecano,34-015,1992,2.8,0,2,0,0.0,0.71,0.00,0.00,,18.9,0,0,0,0.3,0.3,0.16,-0.3,-0.3,Matches
49,Roony Bardghji,se SWE,FW,Barcelona,20-062,2005,2.7,1,12,8,66.7,4.37,2.91,0.08,0.13,18.9,0,0,0,1.0,1.0,0.08,0.0,0.0,Matches
50,Kike Barja,es ESP,"FW,MF",Osasuna,28-290,1997,2.1,0,1,0,0.0,0.48,0.00,0.00,,22.5,0,0,0,0.1,0.1,0.06,-0.1,-0.1,Matches
1,Ander Barrenetxea,es ESP,"MF,FW",Real Sociedad,24-020,2001,11.4,3,21,7,33.3,1.83,0.61,0.14,0.43,19.1,1,0,0,1.9,1.9,0.09,+1.1,+1.1,Matches
52,Pablo Barrios,es ESP,MF,Atlético Madrid,22-215,2003,15.0,1,17,5,29.4,1.14,0.33,0.06,0.20,22.9,0,0,0,1.5,1.5,0.09,-0.5,-0.5,Matches
53,Marc Bartra,es ESP,DF,Real Betis,35-001,1991,14.1,1,6,4,66.7,0.43,0.28,0.17,0.25,23.8,0,0,0,0.2,0.2,0.03,+0.8,+0.8,Matches
54,Augusto Batalla,ar ARG,GK,Rayo Vallecano,29-261,1996,19.0,0,0,0,,0.00,0.00,,,,0,0,0,0.0,0.0,,0.0,0.0,Matches
55,Samu Becerra,es ESP,"DF,MF",Rayo Vallecano,20-015,2006,0.1,0,0,0,,0.00,0.00,,,,0,0,0,0.0,0.0,,0.0,0.0,Matches
56,Sheraldo Becker,sr SUR,"MF,FW",Osasuna,30-341,1995,1.8,0,3,0,0.0,1.71,0.00,0.00,,16.2,0,0,0,0.1,0.1,0.04,-0.1,-0.1,Matches
57,Donny van de Beek,nl NED,MF,Girona,28-273,1997,0.5,0,2,1,50.0,4.39,2.20,0.00,0.00,22.3,0,0,0,0.1,0.1,0.04,-0.1,-0.1,Matches
58,Ismael Bekhoucha,ma MAR,DF,Getafe,21-057,2004,1.4,0,1,0,0.0,0.74,0.00,0.00,,30.9,0,0,0,0.0,0.0,0.02,0.0,0.0,Matches
59,Héctor Bellerín,es ESP,DF,Real Betis,30-303,1995,12.0,0,3,3,100.0,0.25,0.25,0.00,0.00,12.5,0,0,0,0.1,0.1,0.05,-0.1,-0.1,Matches
60,Jude Bellingham,eng ENG,MF,Real Madrid,22-201,2003,12.2,4,31,17,54.8,2.53,1.39,0.13,0.24,14.6,0,0,0,4.5,4.5,0.15,-0.5,-0.5,Matches
61,Fran Beltrán,es ESP,MF,Celta Vigo,26-347,1999,5.9,0,6,1,16.7,1.02,0.17,0.00,0.00,21.5,0,0,0,0.3,0.3,0.05,-0.3,-0.3,Matches
62,Lucas Beltrán,ar ARG,FW,Valencia,24-293,2001,7.6,1,20,7,35.0,2.65,0.93,0.05,0.14,14.8,0,0,0,1.9,1.9,0.09,-0.9,-0.9,Matches
63,Carlos Benavídez,uy URU,"MF,DF",Alavés,27-292,1998,0.9,0,1,1,100.0,1.17,1.17,0.00,0.00,15.2,0,0,0,0.1,0.1,0.08,-0.1,-0.1,Matches
64,Iker Benito,es ESP,"DF,FW",Osasuna,23-159,2002,1.7,1,2,1,50.0,1.20,0.60,0.50,1.00,25.1,0,0,0,0.6,0.6,0.30,+0.4,+0.4,Matches
65,Yuri Berchiche,es ESP,DF,Athletic Club,35-340,1990,15.1,0,10,1,10.0,0.66,0.07,0.00,0.00,25.3,0,0,0,0.3,0.3,0.03,-0.3,-0.3,Matches
66,Álex Berenguer,es ESP,"FW,MF",Athletic Club,30-196,1995,13.6,2,24,14,58.3,1.76,1.03,0.08,0.14,15.7,0,0,0,2.7,2.7,0.11,-0.7,-0.7,Matches
67,Lucas Bergström,fi FIN,GK,Mallorca,23-133,2002,5.0,0,0,0,,0.00,0.00,,,,0,0,0,0.0,0.0,,0.0,0.0,Matches
68,Marc Bernal,es ESP,MF,Barcelona,18-235,2007,1.4,0,1,0,0.0,0.71,0.00,0.00,,26.0,0,0,0,0.0,0.0,0.02,0.0,0.0,Matches
69,Pedro Bigas,es ESP,DF,Elche,35-123,1990,13.5,0,5,1,20.0,0.37,0.07,0.00,0.00,15.0,0,0,0,0.5,0.5,0.10,-0.5,-0.5,Matches
70,Antonio Blanco,es ESP,MF,Alavés,25-177,2000,16.4,0,17,5,29.4,1.04,0.31,0.00,0.00,29.7,0,0,0,0.5,0.5,0.03,-0.5,-0.5,Matches
71,Daley Blind,nl NED,DF,Girona,35-313,1990,15.6,0,1,0,0.0,0.06,0.00,0.00,,28.2,0,0,0,0.0,0.0,0.02,0.0,0.0,Matches
72,Adam Boayar,ma MAR,"MF,FW",Elche,20-095,2005,0.6,0,1,0,0.0,1.76,0.00,0.00,,13.5,0,0,0,0.0,0.0,0.02,0.0,0.0,Matches
73,Adama Boiro,es ESP,DF,Athletic Club,23-208,2002,4.0,0,0,0,,0.00,0.00,,,,0,0,0,0.0,0.0,,0.0,0.0,Matches
74,Rahim Bonkano,ne NIG,DF,Oviedo,24-015,2002,14.7,0,1,0,0.0,0.07,0.00,0.00,,36.6,0,0,0,0.0,0.0,0.02,0.0,0.0,Matches
75,Thiago Borbas,uy URU,FW,Oviedo,23-284,2002,0.2,0,0,0,,0.00,0.00,,,,0,0,0,0.0,0.0,,0.0,0.0,Matches
76,Lucas Boyé,ar ARG,"FW,MF",Alavés,29-322,1996,10.6,4,29,9,31.0,2.73,0.85,0.10,0.33,15.3,2,1,1,3.2,2.4,0.08,+0.8,+0.6,Matches
77,Enzo Boyomo,cm CMR,DF,Osasuna,24-101,2001,15.7,1,2,1,50.0,0.13,0.06,0.50,1.00,9.2,0,0,0,0.3,0.3,0.17,+0.7,+0.7,Matches
78,Josip Brekalo,hr CRO,FW,Oviedo,27-207,1998,5.3,0,8,2,25.0,1.51,0.38,0.00,0.00,23.0,0,0,0,0.3,0.3,0.03,-0.3,-0.3,Matches
79,Abel Bretones,es ESP,"DF,MF",Osasuna,25-148,2000,15.0,1,11,3,27.3,0.73,0.20,0.09,0.33,20.2,0,0,0,0.6,0.6,0.06,+0.4,+0.4,Matches
80,Brugui,es ESP,"MF,FW",Levante,29-073,1996,10.0,0,18,5,27.8,1.81,0.50,0.00,0.00,13.5,0,0,0,1.9,1.8,0.10,-1.9,-1.8,Matches
81,Tajon Buchanan,ca CAN,"MF,DF",Villarreal,26-342,1999,11.7,5,14,7,50.0,1.20,0.60,0.36,0.71,16.7,0,0,0,1.2,1.2,0.08,+3.8,+3.8,Matches
82,Ante Budimir,hr CRO,FW,Osasuna,34-178,1991,15.4,6,41,15,36.6,2.66,0.97,0.07,0.20,13.8,0,3,4,7.7,4.5,0.11,-1.7,-1.5,Matches
83,Manu Bueno,es ESP,MF,Sevilla,21-173,2004,0.7,0,1,0,0.0,1.43,0.00,0.00,,18.7,0,0,0,0.0,0.0,0.03,0.0,0.0,Matches
84,Jorge Cabello,es ESP,DF,Levante,21-266,2004,4.0,0,0,0,,0.00,0.00,,,,0,0,0,0.0,0.0,,0.0,0.0,Matches
85,Leandro Cabrera,uy URU,DF,Espanyol,34-213,1991,18.0,2,20,8,40.0,1.11,0.44,0.10,0.25,10.5,0,0,0,1.5,1.5,0.07,+0.5,+0.5,Matches
86,Calebe,br BRA,"MF,DF",Alavés,25-261,2000,6.0,0,5,1,20.0,0.83,0.17,0.00,0.00,23.2,0,0,0,0.1,0.1,0.03,-0.1,-0.1,Matches
87,Fernando Calero,es ESP,DF,Espanyol,30-124,1995,13.3,0,7,1,14.3,0.53,0.08,0.00,0.00,10.0,0,0,0,1.5,1.5,0.21,-1.5,-1.5,Matches
88,Duje Ćaleta-Car,hr CRO,DF,Real Sociedad,29-121,1996,11.1,0,6,1,16.7,0.54,0.09,0.00,0.00,8.6,0,0,0,0.6,0.6,0.11,-0.6,-0.6,Matches
89,Dani Calvo,es ESP,DF,Oviedo,31-290,1994,7.8,0,0,0,,0.00,0.00,,,,0,0,0,0.0,0.0,,0.0,0.0,Matches
90,Dawda Camara,mr MTN,FW,Girona,23-073,2002,0.8,0,2,1,50.0,2.50,1.25,0.00,0.00,11.7,0,0,0,0.1,0.1,0.06,-0.1,-0.1,Matches
91,Eduardo Camavinga,fr FRA,MF,Real Madrid,23-067,2002,6.7,1,7,2,28.6,1.05,0.30,0.14,0.50,21.9,0,0,0,1.0,1.0,0.14,0.0,0.0,Matches
92,Sergio Camello,es ESP,"FW,MF",Rayo Vallecano,24-340,2001,4.9,0,8,3,37.5,1.64,0.62,0.00,0.00,12.4,0,0,0,1.0,1.0,0.12,-1.0,-1.0,Matches
93,Sergi Cardona,es ESP,DF,Villarreal,26-192,1999,10.6,0,8,3,37.5,0.75,0.28,0.00,0.00,12.9,0,0,0,0.7,0.7,0.08,-0.7,-0.7,Matches
94,Fábio Cardoso,pt POR,DF,Sevilla,31-272,1994,2.4,0,0,0,,0.00,0.00,,,,0,0,0,0.0,0.0,,0.0,0.0,Matches
95,Johnny Cardoso,us USA,MF,Atlético Madrid,24-118,2001,2.5,0,1,0,0.0,0.40,0.00,0.00,,26.6,0,0,0,0.0,0.0,0.02,0.0,0.0,Matches
96,David Carmo,ao ANG,DF,Oviedo,26-181,1999,12.1,1,8,3,37.5,0.66,0.25,0.13,0.33,13.0,0,0,0,0.8,0.8,0.11,+0.2,+0.2,Matches
97,Carmona,es ESP,DF,Sevilla,23-352,2002,16.1,1,9,2,22.2,0.56,0.12,0.11,0.50,21.5,0,0,0,0.4,0.4,0.04,+0.6,+0.6,Matches
98,Sergio Carreira,es ESP,"MF,DF",Celta Vigo,25-095,2000,14.3,1,7,1,14.3,0.49,0.07,0.14,1.00,17.9,0,0,0,0.6,0.6,0.09,+0.4,+0.4,Matches
99,Gorka Carrera,es ESP,FW,Real Sociedad,20-246,2005,0.2,0,0,0,,0.00,0.00,,,,0,0,0,0.0,0.0,,0.0,0.0,Matches
100,Álvaro Carreras,es ESP,DF,Real Madrid,22-299,2003,15.9,1,6,1,16.7,0.38,0.06,0.17,1.00,18.0,0,0,0,0.2,0.2,0.03,+0.8,+0.8,Matches
101,Dani Carvajal,es ESP,DF,Real Madrid,34-005,1992,4.2,0,2,0,0.0,0.48,0.00,0.00,,10.1,0,0,0,0.2,0.2,0.08,-0.2,-0.2,Matches
102,Marc Casado,es ESP,MF,Barcelona,22-124,2003,6.1,0,7,0,0.0,1.15,0.00,0.00,,22.3,0,0,0,0.3,0.3,0.04,-0.3,-0.3,Matches
103,Castrin,es ESP,DF,Sevilla,23-015,2003,6.7,0,4,1,25.0,0.60,0.15,0.00,0.00,11.5,0,0,0,0.2,0.2,0.05,-0.2,-0.2,Matches
104,Jonny Castro,es ESP,DF,Alavés,31-319,1994,18.4,0,5,2,40.0,0.27,0.11,0.00,0.00,20.9,0,0,0,0.3,0.3,0.07,-0.3,-0.3,Matches
105,Catena,es ESP,DF,Osasuna,31-080,1994,18.0,2,12,2,16.7,0.67,0.11,0.17,1.00,10.1,0,0,0,1.6,1.6,0.14,+0.4,+0.4,Matches
106,Santi Cazorla,es ESP,"MF,FW",Oviedo,41-034,1984,4.8,0,5,0,0.0,1.04,0.00,0.00,,22.7,1,0,0,0.2,0.2,0.04,-0.2,-0.2,Matches
107,Dani Ceballos,es ESP,MF,Real Madrid,29-162,1996,4.1,0,2,0,0.0,0.49,0.00,0.00,,27.0,0,0,0,0.0,0.0,0.01,0.0,0.0,Matches
108,Ilyas Chaira,ma MAR,"FW,MF",Oviedo,24-348,2001,11.5,1,26,11,42.3,2.26,0.96,0.04,0.09,19.9,0,0,0,2.2,2.2,0.08,-1.2,-1.2,Matches
109,Pep Chavarría,es ESP,DF,Rayo Vallecano,27-281,1998,18.2,1,12,2,16.7,0.66,0.11,0.08,0.50,26.3,0,0,0,0.4,0.4,0.03,+0.6,+0.6,Matches
110,Andreas Christensen,dk DEN,DF,Barcelona,29-281,1996,4.2,0,2,0,0.0,0.47,0.00,0.00,,12.9,0,0,0,0.1,0.1,0.04,-0.1,-0.1,Matches
111,Víctor Chust,es ESP,DF,Elche,25-317,2000,11.6,0,3,0,0.0,0.26,0.00,0.00,,9.5,0,0,0,0.3,0.3,0.09,-0.3,-0.3,Matches
112,Pathé Ciss,sn SEN,"MF,DF",Rayo Vallecano,31-306,1994,10.7,0,9,4,44.4,0.84,0.37,0.00,0.00,17.1,0,0,0,1.3,1.3,0.15,-1.3,-1.3,Matches
113,Santiago Colombatto,ar ARG,MF,Oviedo,28-364,1997,12.8,0,12,2,16.7,0.94,0.16,0.00,0.00,22.2,1,0,0,0.5,0.5,0.04,-0.5,-0.5,Matches
114,Eray Cömert,ch SUI,DF,Valencia,27-346,1998,1.3,0,0,0,,0.00,0.00,,,,0,0,0,0.0,0.0,,0.0,0.0,Matches
115,Santi Comesaña,es ESP,MF,Villarreal,29-103,1996,13.8,2,19,4,21.1,1.38,0.29,0.11,0.50,14.4,0,0,0,2.9,2.9,0.15,-0.9,-0.9,Matches
116,Copete,es ESP,DF,Valencia,26-098,1999,14.7,0,10,0,0.0,0.68,0.00,0.00,,11.1,0,0,0,1.4,1.4,0.14,-1.4,-1.4,Matches
117,Thierry Correia,pt POR,DF,Valencia,26-313,1999,10.4,0,4,1,25.0,0.39,0.10,0.00,0.00,15.7,0,0,0,0.3,0.3,0.07,-0.3,-0.3,Matches
118,Coba da Costa,es ESP,"MF,FW",Getafe,23-174,2002,3.8,0,5,1,20.0,1.32,0.26,0.00,0.00,20.1,0,0,0,0.3,0.3,0.06,-0.3,-0.3,Matches
119,Samu Costa,pt POR,MF,Mallorca,25-050,2000,13.2,3,17,6,35.3,1.29,0.46,0.18,0.50,18.4,0,0,0,0.8,0.8,0.05,+2.2,+2.2,Matches
120,David Costas,es ESP,DF,Oviedo,30-296,1995,12.9,0,1,0,0.0,0.08,0.00,0.00,,4.0,0,0,0,0.4,0.4,0.45,-0.4,-0.4,Matches
121,Thibaut Courtois,be BEL,GK,Real Madrid,33-250,1992,19.0,0,0,0,,0.00,0.00,,,,0,0,0,0.0,0.0,,0.0,0.0,Matches
122,Juan Cruz Armada,es ESP,DF,Osasuna,33-172,1992,6.4,0,1,0,0.0,0.16,0.00,0.00,,5.7,0,0,0,0.4,0.4,0.39,-0.4,-0.4,Matches
123,Pau Cubarsí,es ESP,DF,Barcelona,18-359,2007,14.4,0,6,0,0.0,0.42,0.00,0.00,,19.6,0,0,0,0.3,0.3,0.05,-0.3,-0.3,Matches
124,Cucho,co COL,FW,Real Betis,26-271,1999,18.3,8,55,14,25.5,3.01,0.77,0.13,0.50,16.1,1,1,1,7.7,7.0,0.13,+0.3,0.0,Matches
125,Pablo Cuñat,es ESP,GK,Levante,23-263,2002,2.0,0,0,0,,0.00,0.00,,,,0,0,0,0.0,0.0,,0.0,0.0,Matches
126,Arnaut Danjuma,nl NED,"FW,MF",Valencia,28-350,1997,12.5,3,25,10,40.0,2.01,0.80,0.12,0.30,17.8,0,0,1,3.7,2.9,0.12,-0.7,+0.1,Matches
127,Sergi Darder,es ESP,"MF,FW",Mallorca,32-025,1993,14.5,0,20,5,25.0,1.38,0.34,0.00,0.00,22.8,1,0,0,1.3,1.3,0.06,-1.3,-1.3,Matches
128,Davinchi,es ESP,DF,Getafe,18-092,2007,4.8,0,3,1,33.3,0.63,0.21,0.00,0.00,17.0,0,0,0,0.2,0.2,0.06,-0.2,-0.2,Matches
129,Leander Dendoncker,be BEL,MF,Oviedo,30-276,1995,14.3,1,9,4,44.4,0.63,0.28,0.11,0.25,15.4,0,0,0,0.8,0.8,0.09,+0.2,+0.2,Matches
130,Nelson Deossa,co COL,MF,Real Betis,25-344,2000,4.5,0,9,0,0.0,1.99,0.00,0.00,,25.6,0,0,0,0.3,0.3,0.03,-0.3,-0.3,Matches
131,Bambo Diaby,sn SEN,DF,Elche,28-030,1997,0.9,0,0,0,,0.00,0.00,,,,0,0,0,0.0,0.0,,0.0,0.0,Matches
132,Mouctar Diakhaby,gn GUI,DF,Valencia,29-028,1996,6.0,1,4,3,75.0,0.66,0.50,0.25,0.33,8.7,0,0,0,0.5,0.5,0.13,+0.5,+0.5,Matches
133,Grady Diangana,cd COD,"MF,FW",Elche,27-272,1998,3.7,1,7,1,14.3,1.89,0.27,0.14,1.00,22.3,0,0,0,0.3,0.3,0.05,+0.7,+0.7,Matches
134,Moussa Diarra,ml MLI,DF,Alavés,25-067,2000,2.4,0,0,0,,0.00,0.00,,,,0,0,0,0.0,0.0,,0.0,0.0,Matches
135,Brahim Díaz,ma MAR,"FW,MF",Real Madrid,26-166,1999,3.5,0,5,1,20.0,1.41,0.28,0.00,0.00,13.8,0,0,0,0.3,0.3,0.05,-0.3,-0.3,Matches
136,Pedro Díaz,es ESP,"MF,FW",Rayo Vallecano,27-225,1998,10.0,0,22,4,18.2,2.19,0.40,0.00,0.00,27.0,0,0,0,0.7,0.7,0.03,-0.7,-0.7,Matches
137,Stole Dimitrievski,mk MKD,GK,Valencia,32-022,1993,1.0,0,0,0,,0.00,0.00,,,,0,0,0,0.0,0.0,,0.0,0.0,Matches
138,Matías Dituro,ar ARG,GK,Elche,38-253,1987,7.0,0,0,0,,0.00,0.00,,,,0,0,0,0.0,0.0,,0.0,0.0,Matches
139,Djené,tg TOG,"DF,MF",Getafe,34-016,1991,14.6,0,4,0,0.0,0.27,0.00,0.00,,18.2,0,0,0,0.1,0.1,0.03,-0.1,-0.1,Matches
140,Marko Dmitrović,rs SRB,GK,Espanyol,33-357,1992,19.0,0,0,0,,0.00,0.00,,,,0,0,0,0.0,0.0,,0.0,0.0,Matches
141,Tyrhys Dolan,eng ENG,"FW,MF",Espanyol,24-019,2001,14.6,0,20,6,30.0,1.37,0.41,0.00,0.00,18.2,0,0,0,1.4,1.4,0.07,-1.4,-1.4,Matches
142,Marc Domenech,es ESP,"FW,MF",Mallorca,20-015,2006,2.4,0,3,0,0.0,1.26,0.00,0.00,,12.3,0,0,0,0.1,0.1,0.04,-0.1,-0.1,Matches
143,Carlos Dominguez,es ESP,DF,Celta Vigo,24-339,2001,4.8,0,1,0,0.0,0.21,0.00,0.00,,11.7,0,0,0,0.0,0.0,0.04,0.0,0.0,Matches
144,John Donald,es ESP,"DF,MF",Elche,25-139,2000,3.4,1,4,2,50.0,1.19,0.59,0.25,0.50,14.3,0,0,0,0.4,0.4,0.09,+0.6,+0.6,Matches
145,Domingos Duarte,pt POR,DF,Getafe,30-312,1995,15.0,0,7,1,14.3,0.47,0.07,0.00,0.00,8.7,0,0,0,0.6,0.6,0.08,-0.6,-0.6,Matches
146,Pablo Durán,es ESP,"FW,MF",Celta Vigo,24-236,2001,8.1,2,17,7,41.2,2.09,0.86,0.12,0.29,14.7,0,0,0,2.2,2.2,0.13,-0.2,-0.2,Matches
147,Hugo Duro,es ESP,FW,Valencia,26-067,1999,12.0,6,22,9,40.9,1.83,0.75,0.27,0.67,10.3,0,0,0,4.3,4.3,0.20,+1.7,+1.7,Matches
148,Ovie Ejaria,eng ENG,MF,Oviedo,28-059,1997,2.0,0,3,1,33.3,1.50,0.50,0.00,0.00,21.3,0,0,0,0.1,0.1,0.05,-0.1,-0.1,Matches
149,Chidera Ejuke,ng NGA,"FW,MF",Sevilla,28-014,1998,4.3,1,10,1,10.0,2.31,0.23,0.10,1.00,18.4,0,0,0,1.0,1.0,0.10,0.0,0.0,Matches
150,Unai Elgezabal,es ESP,"DF,MF",Levante,32-266,1993,10.4,0,2,0,0.0,0.19,0.00,0.00,,5.2,0,0,0,0.6,0.6,0.32,-0.6,-0.6,Matches
151,Aritz Elustondo,es ESP,DF,Real Sociedad,31-294,1994,3.7,0,2,1,50.0,0.53,0.27,0.00,0.00,7.2,0,0,0,0.2,0.2,0.08,-0.2,-0.2,Matches
152,Endrick,br BRA,FW,Real Madrid,19-179,2006,0.1,0,0,0,,0.00,0.00,,,,0,0,0,0.0,0.0,,0.0,0.0,Matches
153,Aarón Escandell,es ESP,GK,Oviedo,30-111,1995,19.0,0,0,0,,0.00,0.00,,,,0,0,0,0.0,0.0,,0.0,0.0,Matches
154,Carlos Espí,es ESP,FW,Levante,20-176,2005,1.7,1,2,1,50.0,1.21,0.60,0.50,1.00,15.6,0,0,0,0.3,0.3,0.13,+0.7,+0.7,Matches
155,Alfonso Espino,uy URU,"FW,DF",Rayo Vallecano,34-011,1992,4.4,1,5,4,80.0,1.14,0.91,0.20,0.25,15.0,0,0,0,1.0,1.0,0.20,0.0,0.0,Matches
156,Marco Esteban,es ESP,DF,Oviedo,20-015,2006,0.5,0,0,0,,0.00,0.00,,,,0,0,0,0.0,0.0,,0.0,0.0,Matches
157,Karl Etta Eyong,cm CMR,FW,Villarreal,22-094,2003,2.8,1,7,3,42.9,2.46,1.05,0.14,0.33,12.4,0,0,0,0.9,0.9,0.13,+0.1,+0.1,Matches
158,Karl Etta Eyong,cm CMR,FW,Levante,22-094,2003,10.7,5,25,12,48.0,2.34,1.12,0.20,0.42,15.9,0,0,1,5.4,4.7,0.19,-0.4,+0.3,Matches
159,Edu Expósito,es ESP,MF,Espanyol,29-168,1996,14.1,0,22,6,27.3,1.56,0.42,0.00,0.00,26.7,2,0,0,1.4,1.4,0.06,-1.4,-1.4,Matches
160,Abde Ezzalzouli,ma MAR,FW,Real Betis,24-030,2001,8.7,3,28,9,32.1,3.23,1.04,0.11,0.33,18.0,1,0,0,3.6,3.6,0.13,-0.6,-0.6,Matches
161,Omar Falah,es ESP,"DF,MF",Oviedo,22-129,2003,0.2,0,0,0,,0.00,0.00,,,,0,0,0,0.0,0.0,,0.0,0.0,Matches
162,Aleix Febas,es ESP,MF,Elche,29-348,1996,18.9,1,14,6,42.9,0.74,0.32,0.07,0.17,16.8,0,0,0,1.4,1.4,0.10,-0.4,-0.4,Matches
163,Luiz Felipe,it ITA,DF,Rayo Vallecano,28-300,1997,3.1,0,3,1,33.3,0.96,0.32,0.00,0.00,11.6,0,0,0,0.4,0.4,0.13,-0.4,-0.4,Matches
164,Kiko Femenía,es ESP,"DF,FW",Getafe,34-348,1991,11.6,0,3,0,0.0,0.26,0.00,0.00,,24.5,0,0,0,0.1,0.1,0.02,-0.1,-0.1,Matches
165,Manu Fernández,es ESP,DF,Celta Vigo,24-268,2001,7.1,0,2,0,0.0,0.28,0.00,0.00,,29.9,0,0,0,0.0,0.0,0.02,0.0,0.0,Matches
166,Pedro Fernandez,es ESP,"FW,MF",Barcelona,18-004,2008,1.0,0,0,0,,0.00,0.00,,,,0,0,0,0.0,0.0,,0.0,0.0,Matches
167,Pelayo Fernandez,es ESP,DF,Rayo Vallecano,22-262,2003,0.5,0,1,0,0.0,2.00,0.00,0.00,,10.4,0,0,0,0.0,0.0,0.04,0.0,0.0,Matches
168,Roberto Férnandez,es ESP,FW,Espanyol,23-197,2002,14.6,4,39,13,33.3,2.67,0.89,0.08,0.23,14.9,0,1,1,5.3,4.5,0.12,-1.3,-1.5,Matches
169,Toni Fernández,es ESP,FW,Barcelona,17-185,2008,0.5,0,0,0,,0.00,0.00,,,,0,0,0,0.0,0.0,,0.0,0.0,Matches
170,Junior Firpo,do DOM,DF,Real Betis,29-147,1996,6.0,0,5,0,0.0,0.83,0.00,0.00,,9.6,0,0,0,0.5,0.5,0.09,-0.5,-0.5,Matches
171,Nicolas Fonseca,uy URU,MF,Oviedo,27-089,1998,0.6,0,1,0,0.0,1.76,0.00,0.00,,29.8,0,0,0,0.0,0.0,0.02,0.0,0.0,Matches
172,Álex Forés,es ESP,FW,Oviedo,24-279,2001,3.0,0,7,2,28.6,2.30,0.66,0.00,0.00,12.8,0,0,0,1.0,1.0,0.15,-1.0,-1.0,Matches
173,Pablo Fornals,es ESP,MF,Real Betis,29-328,1996,17.4,4,27,10,37.0,1.55,0.57,0.15,0.40,20.7,0,0,0,2.5,2.5,0.09,+1.5,+1.5,Matches
174,Héctor Fort,es ESP,DF,Elche,19-167,2006,3.6,1,10,4,40.0,2.75,1.10,0.10,0.25,20.7,0,0,0,0.5,0.5,0.05,+0.5,+0.5,Matches
175,Dimitri Foulquier,fr FRA,DF,Valencia,32-299,1993,9.8,0,5,1,20.0,0.51,0.10,0.00,0.00,10.1,0,0,0,0.5,0.5,0.10,-0.5,-0.5,Matches
176,Juan Foyth,ar ARG,DF,Villarreal,28-004,1998,9.1,0,2,0,0.0,0.22,0.00,0.00,,8.6,0,0,0,0.1,0.1,0.06,-0.1,-0.1,Matches
177,Alejandro Francés,es ESP,DF,Girona,23-168,2002,4.9,0,3,2,66.7,0.61,0.41,0.00,0.00,27.3,0,0,0,0.1,0.1,0.02,-0.1,-0.1,Matches
178,Jorge de Frutos,es ESP,"FW,MF",Rayo Vallecano,28-330,1997,13.7,6,28,13,46.4,2.04,0.95,0.21,0.46,11.7,0,0,0,4.8,4.8,0.17,+1.2,+1.2,Matches
179,Javi Galán,es ESP,DF,Osasuna,31-058,1994,1.8,0,0,0,,0.00,0.00,,,,0,0,0,0.0,0.0,,0.0,0.0,Matches
180,Javi Galán,es ESP,DF,Atlético Madrid,31-058,1994,1.5,0,0,0,,0.00,0.00,,,,0,0,0,0.0,0.0,,0.0,0.0,Matches
181,Iñigo Ruiz de Galarreta,es ESP,MF,Athletic Club,32-163,1993,12.1,0,8,0,0.0,0.66,0.00,0.00,,23.8,0,0,0,0.3,0.3,0.03,-0.3,-0.3,Matches
182,Conor Gallagher,eng ENG,MF,Atlético Madrid,25-344,2000,7.5,2,13,5,38.5,1.72,0.66,0.15,0.40,20.4,0,0,0,1.1,1.1,0.09,+0.9,+0.9,Matches
183,Facundo Garcés,my MAS,DF,Alavés,26-133,1999,6.0,0,5,3,60.0,0.83,0.50,0.00,0.00,12.6,0,0,0,0.1,0.1,0.02,-0.1,-0.1,Matches
184,Álvaro García,es ESP,"FW,MF",Rayo Vallecano,33-081,1992,14.7,3,30,11,36.7,2.04,0.75,0.10,0.27,14.9,0,0,0,5.1,5.1,0.17,-2.1,-2.1,Matches
185,Eric García,es ESP,"DF,MF",Barcelona,25-007,2001,16.3,1,16,5,31.3,0.98,0.31,0.06,0.20,13.6,0,0,0,2.4,2.4,0.15,-1.4,-1.4,Matches
186,Fran Garcia,es ESP,DF,Real Madrid,26-155,1999,4.6,1,3,2,66.7,0.65,0.43,0.33,0.50,14.3,0,0,0,0.7,0.7,0.24,+0.3,+0.3,Matches
187,Gonzalo García,es ESP,"FW,MF",Real Madrid,21-298,2004,2.9,3,7,4,57.1,2.38,1.36,0.43,0.75,8.3,0,0,0,2.5,2.5,0.36,+0.5,+0.5,Matches
188,Joan García,es ESP,GK,Barcelona,24-257,2001,13.0,0,0,0,,0.00,0.00,,,,0,0,0,0.0,0.0,,0.0,0.0,Matches
189,Pablo Garcia,es ESP,FW,Real Betis,19-217,2006,3.3,0,10,4,40.0,3.02,1.21,0.00,0.00,17.3,1,0,0,1.1,1.1,0.11,-1.1,-1.1,Matches
190,Rubén García,es ESP,"FW,MF",Osasuna,32-186,1993,10.5,2,15,4,26.7,1.43,0.38,0.13,0.50,23.5,4,0,0,0.9,0.9,0.06,+1.1,+1.1,Matches
191,Víctor García,es ESP,"DF,MF",Levante,28-122,1997,3.9,0,4,2,50.0,1.03,0.51,0.00,0.00,17.8,0,0,0,0.2,0.2,0.04,-0.2,-0.2,Matches
192,Gavi,es ESP,"MF,DF",Barcelona,21-164,2004,0.7,0,0,0,,0.00,0.00,,,,0,0,0,0.0,0.0,,0.0,0.0,Matches
193,Paulo Gazzaniga,ar ARG,GK,Girona,34-014,1992,17.5,0,0,0,,0.00,0.00,,,,0,0,0,0.0,0.0,,0.0,0.0,Matches
194,Mourad El Ghezouani,ma MAR,FW,Elche,27-234,1998,0.6,0,1,0,0.0,1.80,0.00,0.00,,17.5,0,0,0,0.1,0.1,0.07,-0.1,-0.1,Matches
195,Bryan Gil,es ESP,"FW,MF",Girona,24-339,2001,9.5,0,16,2,12.5,1.69,0.21,0.00,0.00,16.3,0,0,0,1.8,1.8,0.11,-1.8,-1.8,Matches
196,Moi Gómez,es ESP,MF,Osasuna,31-207,1994,9.4,0,7,2,28.6,0.75,0.21,0.00,0.00,24.5,0,0,0,0.2,0.2,0.03,-0.2,-0.2,Matches
197,Sergio Gómez,es ESP,DF,Real Sociedad,25-134,2000,15.2,0,4,0,0.0,0.26,0.00,0.00,,14.2,0,0,0,0.8,0.8,0.19,-0.8,-0.8,Matches
198,Unai Gómez,es ESP,"FW,MF",Athletic Club,22-236,2003,3.5,0,7,1,14.3,1.99,0.28,0.00,0.00,17.1,0,0,0,0.5,0.5,0.07,-0.5,-0.5,Matches
199,Valentín Gómez,ar ARG,DF,Real Betis,22-204,2003,10.3,1,8,3,37.5,0.78,0.29,0.13,0.33,10.1,0,0,0,0.7,0.7,0.08,+0.3,+0.3,Matches
200,Nicolás González,ar ARG,"MF,DF",Atlético Madrid,27-285,1998,10.3,1,24,11,45.8,2.32,1.06,0.04,0.09,15.2,0,0,0,2.1,2.1,0.09,-1.1,-1.1,Matches
201,Urko González,es ESP,MF,Espanyol,24-302,2001,11.9,0,6,0,0.0,0.50,0.00,0.00,,16.8,0,0,0,0.2,0.2,0.04,-0.2,-0.2,Matches
202,Urko González,es ESP,MF,Real Sociedad,24-302,2001,0.1,0,0,0,,0.00,0.00,,,,0,0,0,0.0,0.0,,0.0,0.0,Matches
203,Andoni Gorosabel,es ESP,DF,Athletic Club,29-165,1996,5.4,0,3,1,33.3,0.56,0.19,0.00,0.00,24.6,0,0,0,0.2,0.2,0.07,-0.2,-0.2,Matches
204,Jon Gorrotxategi,es ESP,MF,Real Sociedad,23-348,2002,14.9,1,9,1,11.1,0.60,0.07,0.11,1.00,22.0,0,0,0,0.6,0.6,0.07,+0.4,+0.4,Matches
205,Mikel Goti,es ESP,MF,Real Sociedad,23-238,2002,0.8,0,3,0,0.0,3.55,0.00,0.00,,12.4,0,0,0,0.3,0.3,0.12,-0.3,-0.3,Matches
206,Antoine Griezmann,fr FRA,"FW,MF",Atlético Madrid,34-301,1991,7.8,6,26,14,53.8,3.33,1.79,0.23,0.43,15.0,0,0,0,4.8,4.8,0.18,+1.2,+1.2,Matches
207,Nemanja Gudelj,rs SRB,"MF,DF",Sevilla,34-061,1991,11.9,1,13,5,38.5,1.10,0.42,0.08,0.20,25.2,2,0,0,0.5,0.5,0.04,+0.5,+0.5,Matches
208,Gonçalo Guedes,pt POR,"MF,FW",Real Sociedad,29-048,1996,10.8,4,24,9,37.5,2.23,0.84,0.17,0.44,20.3,0,0,0,2.1,2.1,0.09,+1.9,+1.9,Matches
209,Javier Guerra,es ESP,MF,Valencia,23-015,2003,11.4,0,13,4,30.8,1.14,0.35,0.00,0.00,19.1,1,0,0,1.1,1.1,0.09,-1.1,-1.1,Matches
210,Daniel Guerrero,es ESP,MF,Real Betis,20-174,2005,0.0,0,0,0,,0.00,0.00,,,,0,0,0,0.0,0.0,,0.0,0.0,Matches
211,Ander Guevara,es ESP,MF,Alavés,28-193,1997,4.3,1,2,1,50.0,0.47,0.23,0.50,1.00,12.6,0,0,0,0.2,0.2,0.08,+0.8,+0.8,Matches
212,Pape Gueye,sn SEN,MF,Villarreal,26-357,1999,8.6,2,20,5,25.0,2.32,0.58,0.10,0.40,20.2,0,0,0,1.0,1.0,0.05,+1.0,+1.0,Matches
213,Arda Güler,tr TUR,MF,Real Madrid,20-325,2005,12.8,3,30,11,36.7,2.34,0.86,0.10,0.27,19.3,1,0,0,3.6,3.6,0.12,-0.6,-0.6,Matches
214,Gerard Gumbau,es ESP,MF,Rayo Vallecano,31-029,1994,3.1,0,7,3,42.9,2.23,0.95,0.00,0.00,24.8,1,0,0,0.2,0.2,0.03,-0.2,-0.2,Matches
215,Jon Guridi,es ESP,"MF,FW",Alavés,30-322,1995,5.2,0,4,2,50.0,0.77,0.38,0.00,0.00,11.8,0,0,0,0.9,0.9,0.23,-0.9,-0.9,Matches
216,Gorka Guruzeta,es ESP,FW,Athletic Club,29-126,1996,11.9,2,39,11,28.2,3.29,0.93,0.05,0.18,13.2,0,0,0,4.8,4.8,0.12,-2.8,-2.8,Matches
217,Dávid Hancko,sk SVK,DF,Atlético Madrid,28-034,1997,17.0,0,12,3,25.0,0.70,0.18,0.00,0.00,15.7,0,0,0,0.6,0.6,0.05,-0.6,-0.6,Matches
218,Haissem Hassan,fr FRA,"FW,MF",Oviedo,23-342,2002,11.3,0,21,4,19.0,1.85,0.35,0.00,0.00,19.6,0,0,0,1.1,1.1,0.05,-1.1,-1.1,Matches
219,Jorge Herrando,es ESP,DF,Osasuna,24-322,2001,8.5,0,3,0,0.0,0.35,0.00,0.00,,8.3,0,0,0,0.3,0.3,0.10,-0.3,-0.3,Matches
220,Sergio Herrera,es ESP,GK,Osasuna,32-225,1993,19.0,0,0,0,,0.00,0.00,,,,0,0,0,0.0,0.0,,0.0,0.0,Matches
221,Yangel Herrera,ve VEN,MF,Girona,28-002,1998,1.2,0,1,0,0.0,0.82,0.00,0.00,,24.8,0,0,0,0.0,0.0,0.03,0.0,0.0,Matches
222,Yangel Herrera,ve VEN,MF,Real Sociedad,28-002,1998,1.0,0,2,1,50.0,2.05,1.02,0.00,0.00,15.4,0,0,0,0.3,0.3,0.13,-0.3,-0.3,Matches
223,Omar El Hilali,ma MAR,DF,Espanyol,22-126,2003,15.9,0,1,0,0.0,0.06,0.00,0.00,,33.2,0,0,0,0.0,0.0,0.01,0.0,0.0,Matches
224,Ali Houary,ma MAR,MF,Elche,20-164,2005,1.4,0,2,0,0.0,1.46,0.00,0.00,,26.5,0,0,0,0.1,0.1,0.03,-0.1,-0.1,Matches
225,Dean Huijsen,es ESP,DF,Real Madrid,20-277,2005,10.7,1,13,3,23.1,1.21,0.28,0.08,0.33,16.9,0,0,0,1.5,1.5,0.12,-0.5,-0.5,Matches
226,Pablo Ibáñez,es ESP,MF,Alavés,27-118,1998,12.3,1,25,7,28.0,2.04,0.57,0.04,0.14,22.8,0,0,0,3.1,3.1,0.12,-2.1,-2.1,Matches
227,Stanis Idumbo,be BEL,MF,Sevilla,20-201,2005,0.5,0,1,0,0.0,2.00,0.00,0.00,,16.7,0,0,0,0.0,0.0,0.03,0.0,0.0,Matches
228,Iglesias,es ESP,DF,Getafe,27-197,1998,16.7,1,14,3,21.4,0.84,0.18,0.07,0.33,25.9,0,0,0,0.6,0.6,0.05,+0.4,+0.4,Matches
229,Borja Iglesias,es ESP,FW,Celta Vigo,32-364,1993,11.6,7,24,11,45.8,2.07,0.95,0.21,0.45,16.6,0,2,2,5.6,4.0,0.17,+1.4,+1.0,Matches
230,Luka Ilić,rs SRB,"MF,FW",Oviedo,26-198,1999,6.0,1,4,3,75.0,0.66,0.50,0.25,0.33,14.8,0,0,0,0.4,0.4,0.09,+0.6,+0.6,Matches
231,Isco,es ESP,MF,Real Betis,33-270,1992,0.3,0,2,0,0.0,5.81,0.00,0.00,,14.1,0,0,0,0.1,0.1,0.04,-0.1,-0.1,Matches
232,Urko Izeta,es ESP,"MF,FW",Athletic Club,26-109,1999,0.6,0,3,1,33.3,4.66,1.55,0.00,0.00,15.5,1,0,0,0.1,0.1,0.05,-0.1,-0.1,Matches
233,Jairo Izquierdo,es ESP,"MF,DF",Elche,32-086,1993,0.3,0,0,0,,0.00,0.00,,,,0,0,0,0.0,0.0,,0.0,0.0,Matches
234,Adnan Januzaj,be BEL,"FW,MF",Sevilla,30-345,1995,2.9,0,4,0,0.0,1.39,0.00,0.00,,21.6,0,0,0,0.1,0.1,0.03,-0.1,-0.1,Matches
235,Mikel Jauregizar,es ESP,MF,Athletic Club,22-064,2003,18.3,1,24,5,20.8,1.31,0.27,0.04,0.20,24.0,0,0,0,1.1,1.1,0.05,-0.1,-0.1,Matches
236,David Jiménez,es ESP,DF,Real Madrid,21-308,2004,0.0,0,0,0,,0.00,0.00,,,,0,0,0,0.0,0.0,,0.0,0.0,Matches
237,Jofre,es ESP,"MF,FW",Espanyol,24-213,2001,5.0,0,6,2,33.3,1.20,0.40,0.00,0.00,15.8,0,0,0,0.4,0.4,0.06,-0.4,-0.4,Matches
238,Frenkie de Jong,nl NED,MF,Barcelona,28-249,1997,11.6,0,5,1,20.0,0.43,0.09,0.00,0.00,16.0,0,0,0,0.5,0.5,0.11,-0.5,-0.5,Matches
239,Joan Jordán,es ESP,MF,Sevilla,31-194,1994,0.2,0,0,0,,0.00,0.00,,,,0,0,0,0.0,0.0,,0.0,0.0,Matches
240,Josan,es ESP,"DF,MF",Elche,36-044,1989,3.5,0,3,1,33.3,0.85,0.28,0.00,0.00,14.4,0,0,0,0.3,0.3,0.09,-0.3,-0.3,Matches
241,Mateo Joseph,es ESP,"FW,MF",Mallorca,22-089,2003,12.4,2,22,8,36.4,1.78,0.65,0.09,0.25,14.3,0,0,0,3.5,3.5,0.16,-1.5,-1.5,Matches
242,Juanmi,es ESP,"FW,DF",Getafe,32-241,1993,1.8,1,2,1,50.0,1.13,0.56,0.50,1.00,10.1,0,0,0,0.1,0.1,0.07,+0.9,+0.9,Matches
243,Luiz Lúcio Reis Júnior,br BRA,GK,Villarreal,25-002,2001,15.0,0,0,0,,0.00,0.00,,,,0,0,0,0.0,0.0,,0.0,0.0,Matches
244,Vinicius Júnior,br BRA,"FW,MF",Real Madrid,25-188,2000,15.6,5,50,20,40.0,3.21,1.28,0.08,0.20,18.3,0,1,2,6.4,4.9,0.10,-1.4,-0.9,Matches
245,Ferran Jutglà,es ESP,"FW,MF",Celta Vigo,26-349,1999,8.1,2,20,11,55.0,2.48,1.36,0.10,0.18,18.3,0,0,0,2.3,2.3,0.11,-0.3,-0.3,Matches
246,Abu Kamara,eng ENG,"MF,FW",Getafe,22-179,2003,2.2,0,3,1,33.3,1.38,0.46,0.00,0.00,16.9,0,0,0,0.4,0.4,0.13,-0.4,-0.4,Matches
247,Jon Karrikaburu,es ESP,"FW,MF",Real Sociedad,23-119,2002,1.5,0,6,2,33.3,4.09,1.36,0.00,0.00,10.3,0,0,0,0.9,0.9,0.15,-0.9,-0.9,Matches
248,Kiké,es ESP,FW,Espanyol,36-052,1989,8.1,3,23,10,43.5,2.86,1.24,0.09,0.20,12.5,0,1,1,3.8,3.0,0.13,-0.8,-1.0,Matches
249,Koke,es ESP,MF,Atlético Madrid,34-008,1992,13.9,2,7,2,28.6,0.50,0.14,0.29,1.00,22.5,0,0,0,0.3,0.3,0.05,+1.7,+1.7,Matches
250,Luca Koleosho,it ITA,"MF,FW",Espanyol,21-123,2004,0.7,0,1,0,0.0,1.43,0.00,0.00,,27.9,0,0,0,0.0,0.0,0.04,0.0,0.0,Matches
251,Jules Koundé,fr FRA,DF,Barcelona,27-065,1998,14.8,1,6,3,50.0,0.41,0.20,0.17,0.33,8.8,0,0,0,0.7,0.7,0.11,+0.3,+0.3,Matches
252,Lancinet Kourouma,gn GUI,MF,Girona,21-292,2004,0.5,0,0,0,,0.00,0.00,,,,0,0,0,0.0,0.0,,0.0,0.0,Matches
253,Goduine Koyalipou,cf CTA,FW,Levante,25-335,2000,2.7,1,10,4,40.0,3.64,1.46,0.10,0.25,15.7,0,0,0,1.0,1.0,0.10,0.0,0.0,Matches
254,Vladyslav Krapyvtsov,ua UKR,GK,Girona,20-205,2005,1.5,0,0,0,,0.00,0.00,,,,0,0,0,0.0,0.0,,0.0,0.0,Matches
255,Ladislav Krejčí,cz CZE,DF,Girona,26-271,1999,2.0,0,1,0,0.0,0.50,0.00,0.00,,7.1,0,0,0,0.1,0.1,0.12,-0.1,-0.1,Matches
256,Takefusa Kubo,jp JPN,"MF,FW",Real Sociedad,24-226,2001,12.3,2,25,11,44.0,2.03,0.89,0.08,0.18,17.2,1,0,0,2.3,2.3,0.09,-0.3,-0.3,Matches
257,Marash Kumbulla,al ALB,DF,Mallorca,25-342,2000,3.7,0,2,0,0.0,0.55,0.00,0.00,,12.5,0,0,0,0.1,0.1,0.03,-0.1,-0.1,Matches
258,Adrián de la Fuente,es ESP,DF,Levante,26-324,1999,12.6,1,6,1,16.7,0.48,0.08,0.00,0.00,22.3,1,1,1,1.2,0.4,0.06,-0.2,-0.4,Matches
259,Yoel Lago,es ESP,DF,Celta Vigo,21-297,2004,3.7,0,0,0,,0.00,0.00,,,,0,0,0,0.0,0.0,,0.0,0.0,Matches
260,Aymeric Laporte,es ESP,DF,Athletic Club,31-234,1994,9.5,0,5,1,20.0,0.52,0.10,0.00,0.00,14.6,0,0,0,0.2,0.2,0.05,-0.2,-0.2,Matches
261,Toni Lato,es ESP,"DF,MF",Mallorca,28-056,1997,2.4,0,0,0,,0.00,0.00,,,,0,0,0,0.0,0.0,,0.0,0.0,Matches
262,Robin Le Normand,es ESP,DF,Atlético Madrid,29-066,1996,11.0,1,3,1,33.3,0.27,0.09,0.33,1.00,7.8,0,0,0,0.4,0.4,0.15,+0.6,+0.6,Matches
263,Florian Lejeune,fr FRA,DF,Rayo Vallecano,34-241,1991,18.9,0,25,6,24.0,1.32,0.32,0.00,0.00,26.3,8,0,0,1.0,1.0,0.04,-1.0,-1.0,Matches
264,Youssef Lekhedim,es ESP,DF,Alavés,20-101,2005,8.8,0,7,1,14.3,0.80,0.11,0.00,0.00,18.5,0,0,0,0.3,0.3,0.05,-0.3,-0.3,Matches
265,Iñigo Lekue,es ESP,DF,Athletic Club,32-257,1993,3.9,0,3,1,33.3,0.76,0.25,0.00,0.00,17.8,0,0,0,0.1,0.1,0.04,-0.1,-0.1,Matches
266,Thomas Lemar,fr FRA,"MF,FW",Girona,30-065,1995,4.6,0,7,3,42.9,1.51,0.65,0.00,0.00,24.9,1,0,0,0.4,0.4,0.06,-0.4,-0.4,Matches
267,Clément Lenglet,fr FRA,DF,Atlético Madrid,30-213,1995,8.1,0,2,0,0.0,0.25,0.00,0.00,,20.9,0,0,0,0.1,0.1,0.04,-0.1,-0.1,Matches
268,Robert Lewandowski,pl POL,FW,Barcelona,37-148,1988,7.8,9,30,15,50.0,3.87,1.93,0.27,0.53,13.7,0,1,3,7.8,5.5,0.19,+1.2,+2.5,Matches
269,Adrián Liso,es ESP,"FW,MF",Getafe,20-289,2005,13.7,3,19,7,36.8,1.39,0.51,0.16,0.43,18.9,0,0,0,1.4,1.4,0.07,+1.6,+1.6,Matches
270,Javier Llabrés,es ESP,"FW,MF",Mallorca,23-127,2002,1.5,0,2,0,0.0,1.30,0.00,0.00,,17.0,0,0,0,0.1,0.1,0.04,-0.1,-0.1,Matches
271,Diego Llorente,es ESP,DF,Real Betis,32-153,1993,0.9,1,1,1,100.0,1.10,1.10,1.00,1.00,2.6,0,0,0,0.7,0.7,0.67,+0.3,+0.3,Matches
272,Marcos Llorente,es ESP,DF,Atlético Madrid,30-351,1995,14.0,0,9,4,44.4,0.64,0.29,0.00,0.00,17.6,0,0,0,1.3,1.3,0.14,-1.3,-1.3,Matches
273,Giovani Lo Celso,ar ARG,MF,Real Betis,29-282,1996,11.3,2,25,10,40.0,2.21,0.89,0.08,0.20,19.8,3,0,0,2.4,2.4,0.09,-0.4,-0.4,Matches
274,David López,es ESP,DF,Mallorca,22-347,2003,0.7,0,0,0,,0.00,0.00,,,,0,0,0,0.0,0.0,,0.0,0.0,Matches
275,David López,es ESP,DF,Girona,36-099,1989,2.2,0,1,1,100.0,0.45,0.45,0.00,0.00,3.7,0,0,0,0.6,0.6,0.57,-0.6,-0.6,Matches
276,Diego López,es ESP,"FW,MF",Valencia,23-248,2002,13.5,3,20,4,20.0,1.48,0.30,0.15,0.75,16.1,0,0,0,2.1,2.1,0.10,+0.9,+0.9,Matches
277,Fermin López,es ESP,"MF,FW",Barcelona,22-250,2003,7.7,4,28,12,42.9,3.63,1.56,0.14,0.33,18.5,0,0,0,2.4,2.4,0.09,+1.6,+1.6,Matches
278,Javi López,es ESP,DF,Oviedo,23-297,2002,4.4,0,0,0,,0.00,0.00,,,,0,0,0,0.0,0.0,,0.0,0.0,Matches
279,Pau López,es ESP,GK,Real Betis,31-034,1994,7.0,0,0,0,,0.00,0.00,,,,0,0,0,0.0,0.0,,0.0,0.0,Matches
280,Unai López,es ESP,MF,Rayo Vallecano,30-078,1995,11.4,0,14,3,21.4,1.23,0.26,0.00,0.00,25.9,1,0,0,0.5,0.5,0.04,-0.5,-0.5,Matches
281,Iker Losada,es ESP,"FW,MF",Levante,24-168,2001,2.4,2,6,2,33.3,2.55,0.85,0.33,1.00,11.6,0,0,0,1.4,1.4,0.23,+0.6,+0.6,Matches
282,Pol Lozano,es ESP,MF,Espanyol,26-102,1999,13.9,1,7,2,28.6,0.50,0.14,0.14,0.50,28.2,0,0,0,0.2,0.2,0.03,+0.8,+0.8,Matches
283,Sergio Lozano,es ESP,MF,Levante,26-298,1999,0.1,0,0,0,,0.00,0.00,,,,0,0,0,0.0,0.0,,0.0,0.0,Matches
284,Oier Luengo,es ESP,DF,Oviedo,28-066,1997,1.5,0,0,0,,0.00,0.00,,,,0,0,0,0.0,0.0,,0.0,0.0,Matches
285,José Luis Gayà,es ESP,DF,Valencia,30-236,1995,13.2,0,6,0,0.0,0.46,0.00,0.00,,18.8,0,0,0,0.2,0.2,0.04,-0.2,-0.2,Matches
286,José Luis Morales,es ESP,"MF,FW",Levante,38-177,1987,3.3,1,7,3,42.9,2.11,0.90,0.00,0.00,16.2,0,1,1,1.7,1.0,0.15,-0.7,-1.0,Matches
287,Dodi Lukebakio,be BEL,"FW,MF",Sevilla,28-114,1997,2.0,1,2,1,50.0,1.00,0.50,0.50,1.00,20.7,0,0,0,0.1,0.1,0.04,+0.9,+0.9,Matches
288,Carlos Macià,es ESP,MF,Villarreal,17-137,2008,0.8,0,1,0,0.0,1.27,0.00,0.00,,27.0,0,0,0,0.1,0.1,0.06,-0.1,-0.1,Matches
289,Pablo Maffeo,es ESP,DF,Mallorca,28-188,1997,14.2,1,2,1,50.0,0.14,0.07,0.50,1.00,22.5,0,0,0,0.2,0.2,0.08,+0.8,+0.8,Matches
290,Aitor Mañas,es ESP,FW,Alavés,23-011,2003,0.3,0,0,0,,0.00,0.00,,,,0,0,0,0.0,0.0,,0.0,0.0,Matches
291,Marcão,br BRA,DF,Sevilla,29-225,1996,10.4,0,10,1,10.0,0.96,0.10,0.00,0.00,10.2,0,0,0,0.7,0.7,0.07,-0.7,-0.7,Matches
292,José María Giménez,uy URU,DF,Atlético Madrid,30-361,1995,6.0,0,7,0,0.0,1.16,0.00,0.00,,9.2,0,0,0,1.1,1.1,0.15,-1.1,-1.1,Matches
293,Mariano,do DOM,FW,Alavés,32-168,1993,3.1,0,5,3,60.0,1.60,0.96,0.00,0.00,29.1,0,0,0,0.2,0.2,0.03,-0.2,-0.2,Matches
294,Arkaitz Mariezkurrena,es ESP,FW,Real Sociedad,20-286,2005,0.0,0,0,0,,0.00,0.00,,,,0,0,0,0.0,0.0,,0.0,0.0,Matches
295,Rafa Marín,es ESP,DF,Villarreal,23-242,2002,12.9,1,3,1,33.3,0.23,0.08,0.33,1.00,7.7,0,0,0,0.3,0.3,0.11,+0.7,+0.7,Matches
296,Pablo Marín,es ESP,MF,Real Sociedad,22-197,2003,7.7,0,9,3,33.3,1.17,0.39,0.00,0.00,20.7,0,0,0,0.6,0.6,0.07,-0.6,-0.6,Matches
297,Carlos Martín,es ESP,FW,Rayo Vallecano,23-269,2002,0.9,0,2,0,0.0,2.31,0.00,0.00,,7.4,0,0,0,0.2,0.2,0.11,-0.2,-0.2,Matches
298,Gerard Martín,es ESP,DF,Barcelona,24-015,2002,10.8,0,2,0,0.0,0.18,0.00,0.00,,22.1,0,0,0,0.0,0.0,0.02,0.0,0.0,Matches
299,Iván Martín,es ESP,MF,Girona,26-336,1999,15.3,0,5,2,40.0,0.33,0.13,0.00,0.00,19.1,0,0,0,0.2,0.2,0.04,-0.2,-0.2,Matches
300,Jon Martin,es ESP,DF,Real Sociedad,19-268,2006,11.0,0,7,1,14.3,0.64,0.09,0.00,0.00,9.5,0,0,0,0.6,0.6,0.09,-0.6,-0.6,Matches
301,Mario Martín,es ESP,"MF,FW",Getafe,21-317,2004,13.0,2,15,4,26.7,1.15,0.31,0.13,0.50,19.7,0,0,0,0.8,0.8,0.05,+1.2,+1.2,Matches
302,Arnau Martinez,es ESP,"DF,MF",Girona,22-266,2003,13.2,1,7,1,14.3,0.53,0.08,0.14,1.00,11.5,0,0,0,0.5,0.5,0.08,+0.5,+0.5,Matches
303,Joaquín Martínez Gauna,es ESP,"DF,MF",Sevilla,22-191,2003,4.3,0,3,1,33.3,0.70,0.23,0.00,0.00,15.3,0,0,0,0.2,0.2,0.06,-0.2,-0.2,Matches
304,Pablo Martínez,es ESP,MF,Levante,27-328,1998,8.5,0,15,3,20.0,1.77,0.35,0.00,0.00,24.7,2,0,0,0.7,0.7,0.05,-0.7,-0.7,Matches
305,Ramón Martínez,es ESP,DF,Sevilla,23-086,2002,1.1,0,0,0,,0.00,0.00,,,,0,0,0,0.0,0.0,,0.0,0.0,Matches
306,Toni Martínez,es ESP,FW,Alavés,28-200,1997,13.2,3,37,11,29.7,2.80,0.83,0.08,0.27,15.1,1,0,0,4.0,4.0,0.11,-1.0,-1.0,Matches
307,Omar Mascarell,gq EQG,MF,Mallorca,32-348,1993,8.4,1,1,1,100.0,0.12,0.12,1.00,1.00,38.7,0,0,0,0.1,0.1,0.05,+0.9,+0.9,Matches
308,Franco Mastantuono,ar ARG,"FW,MF",Real Madrid,18-155,2007,6.2,1,19,4,21.1,3.04,0.64,0.05,0.25,17.5,1,0,0,2.0,2.0,0.11,-1.0,-1.0,Matches
309,Alan Matturro,uy URU,DF,Levante,21-097,2004,2.2,0,1,0,0.0,0.45,0.00,0.00,,26.6,0,0,0,0.0,0.0,0.01,0.0,0.0,Matches
310,Borja Mayoral,es ESP,FW,Getafe,28-286,1997,11.6,4,13,7,53.8,1.12,0.61,0.31,0.57,14.1,0,0,1,2.9,2.1,0.16,+1.1,+1.9,Matches
311,Kylian Mbappé,fr FRA,FW,Real Madrid,27-027,1998,17.4,18,82,33,40.2,4.70,1.89,0.16,0.39,18.1,5,5,6,15.7,11.0,0.13,+2.3,+2.0,Matches
312,Brais Méndez,es ESP,"MF,FW",Real Sociedad,29-009,1997,12.7,4,24,12,50.0,1.88,0.94,0.17,0.33,20.3,3,0,0,2.3,2.3,0.11,+1.7,+1.7,Matches
313,Rodrigo Mendoza,es ESP,"MF,FW",Elche,20-307,2005,7.3,1,10,2,20.0,1.37,0.27,0.10,0.50,20.7,0,0,0,0.7,0.7,0.07,+0.3,+0.3,Matches
314,Batista Mendy,fr FRA,MF,Sevilla,26-004,2000,12.7,1,8,3,37.5,0.63,0.24,0.13,0.33,23.0,0,0,0,0.9,0.9,0.11,+0.1,+0.1,Matches
315,Ferland Mendy,fr FRA,DF,Real Madrid,30-222,1995,0.0,0,0,0,,0.00,0.00,,,,0,0,0,0.0,0.0,,0.0,0.0,Matches
316,Nobel Mendy,fr FRA,DF,Rayo Vallecano,21-135,2004,9.8,1,8,2,25.0,0.82,0.20,0.13,0.50,16.0,0,0,0,1.3,1.3,0.16,-0.3,-0.3,Matches
317,Alejandro Mestanza,es ESP,"FW,MF",Getafe,21-040,2004,0.7,0,1,0,0.0,1.38,0.00,0.00,,15.2,0,0,0,0.0,0.0,0.02,0.0,0.0,Matches
318,Georges Mikautadze,ge GEO,FW,Villarreal,25-077,2000,8.3,5,26,14,53.8,3.12,1.68,0.19,0.36,13.3,0,0,0,3.8,3.8,0.14,+1.2,+1.2,Matches
319,Éder Militão,br BRA,DF,Real Madrid,27-363,1998,11.1,1,17,8,47.1,1.53,0.72,0.06,0.13,14.7,0,0,0,1.4,1.3,0.08,-0.4,-0.3,Matches
320,Luis Milla,es ESP,MF,Getafe,31-101,1994,17.5,0,12,1,8.3,0.69,0.06,0.00,0.00,26.8,2,0,0,0.4,0.4,0.04,-0.4,-0.4,Matches
321,Pere Milla,es ESP,"FW,MF",Espanyol,33-115,1992,13.4,6,44,16,36.4,3.28,1.19,0.14,0.38,16.7,6,0,0,5.5,5.5,0.12,+0.5,+0.5,Matches
322,Óscar Mingueza,es ESP,"MF,DF",Celta Vigo,26-248,1999,11.5,1,8,3,37.5,0.70,0.26,0.13,0.33,22.9,0,0,0,0.5,0.5,0.07,+0.5,+0.5,Matches
323,Bojan Miovski,mk MKD,FW,Girona,26-206,1999,0.5,0,0,0,,0.00,0.00,,,,0,0,0,0.0,0.0,,0.0,0.0,Matches
324,Rafa Mir,es ESP,"FW,MF",Elche,28-212,1997,14.5,6,49,23,46.9,3.37,1.58,0.12,0.26,16.9,3,0,1,5.7,4.9,0.10,+0.3,+1.1,Matches
325,Johan Mojica,co COL,DF,Mallorca,33-148,1992,16.6,0,11,2,18.2,0.66,0.12,0.00,0.00,27.5,2,0,0,0.3,0.3,0.03,-0.3,-0.3,Matches
326,Alberto Moleiro,es ESP,"MF,FW",Villarreal,22-108,2003,12.9,8,29,15,51.7,2.25,1.16,0.28,0.53,17.7,0,0,0,4.2,4.2,0.16,+3.8,+3.8,Matches
327,Nahuel Molina,ar ARG,DF,Atlético Madrid,27-285,1998,6.0,0,2,0,0.0,0.33,0.00,0.00,,26.5,0,0,0,0.0,0.0,0.02,0.0,0.0,Matches
328,Jon Moncayola,es ESP,"MF,DF",Osasuna,27-248,1998,18.2,0,14,3,21.4,0.77,0.16,0.00,0.00,17.9,1,0,0,1.3,1.3,0.09,-1.3,-1.3,Matches
329,Jorge Montes,es ESP,MF,Getafe,21-316,2004,0.3,0,0,0,,0.00,0.00,,,,0,0,0,0.0,0.0,,0.0,0.0,Matches
330,Diego Morcillo,es ESP,"FW,MF",Alavés,22-212,2003,0.1,0,1,0,0.0,9.00,0.00,0.00,,5.6,0,0,0,0.4,0.4,0.45,-0.4,-0.4,Matches
331,Álex Moreno,es ESP,DF,Girona,32-222,1993,17.5,0,11,3,27.3,0.63,0.17,0.00,0.00,17.7,0,0,0,1.5,1.5,0.14,-1.5,-1.5,Matches
332,Gerard Moreno,es ESP,FW,Villarreal,33-284,1992,5.6,5,14,6,42.9,2.49,1.07,0.29,0.67,16.1,0,1,1,2.3,1.5,0.11,+2.7,+2.5,Matches
333,Matias Moreno,ar ARG,DF,Levante,22-114,2003,11.5,0,4,0,0.0,0.35,0.00,0.00,,16.1,0,0,0,0.4,0.4,0.11,-0.4,-0.4,Matches
334,Mateu Morey,es ESP,DF,Mallorca,25-320,2000,5.0,1,4,1,25.0,0.81,0.20,0.25,1.00,17.3,0,0,0,0.3,0.3,0.08,+0.7,+0.7,Matches
335,Ilaix Moriba,gn GUI,MF,Celta Vigo,22-362,2003,13.8,0,12,3,25.0,0.87,0.22,0.00,0.00,22.6,0,0,0,1.0,1.0,0.08,-1.0,-1.0,Matches
336,Manu Morlanes,es ESP,MF,Mallorca,27-004,1999,9.8,1,4,1,25.0,0.41,0.10,0.25,1.00,16.7,0,0,0,0.6,0.6,0.15,+0.4,+0.4,Matches
337,Santiago Mouriño,uy URU,DF,Villarreal,23-337,2002,11.7,0,6,0,0.0,0.51,0.00,0.00,,20.0,0,0,0,0.3,0.3,0.05,-0.3,-0.3,Matches
338,Aihen Muñoz,es ESP,DF,Real Sociedad,28-153,1997,5.3,0,3,0,0.0,0.56,0.00,0.00,,22.4,0,0,0,0.2,0.2,0.06,-0.2,-0.2,Matches
339,Iker Muñoz,es ESP,MF,Osasuna,23-072,2002,3.1,0,1,1,100.0,0.32,0.32,0.00,0.00,25.7,0,0,0,0.0,0.0,0.02,0.0,0.0,Matches
340,Javier Muñoz,es ESP,"MF,FW",Getafe,30-322,1995,4.1,0,9,4,44.4,2.19,0.97,0.00,0.00,26.6,0,0,0,0.2,0.2,0.02,-0.2,-0.2,Matches
341,Víctor Muñoz,es ESP,"FW,MF",Osasuna,22-187,2003,15.5,2,34,13,38.2,2.20,0.84,0.06,0.15,18.8,0,0,0,2.0,2.0,0.06,0.0,0.0,Matches
342,Vedat Muriqi,xk KVX,FW,Mallorca,31-267,1994,16.1,11,46,22,47.8,2.86,1.37,0.17,0.36,14.2,0,3,3,7.3,5.0,0.11,+3.7,+3.0,Matches
343,Juan Musso,ar ARG,GK,Atlético Madrid,31-255,1994,1.0,0,0,0,,0.00,0.00,,,,0,0,0,0.0,0.0,,0.0,0.0,Matches
344,Natan,br BRA,DF,Real Betis,24-344,2001,17.4,0,8,1,12.5,0.46,0.06,0.00,0.00,19.6,0,0,0,0.3,0.3,0.04,-0.3,-0.3,Matches
345,Pau Navarro,es ESP,DF,Villarreal,20-266,2005,6.6,0,1,1,100.0,0.15,0.15,0.00,0.00,25.1,0,0,0,0.0,0.0,0.02,0.0,0.0,Matches
346,Roberto Navarro,es ESP,"FW,MF",Athletic Club,23-279,2002,6.3,3,10,4,40.0,1.58,0.63,0.30,0.75,12.1,0,0,0,2.3,2.3,0.23,+0.7,+0.7,Matches
347,Martim Neto,pt POR,MF,Elche,23-002,2003,9.4,2,12,4,33.3,1.27,0.42,0.17,0.50,21.3,0,0,0,0.9,0.9,0.07,+1.1,+1.1,Matches
348,Yvan Neyou,cm CMR,MF,Getafe,29-013,1997,0.7,0,0,0,,0.00,0.00,,,,0,0,0,0.0,0.0,,0.0,0.0,Matches
349,Tanguy Nianzou,fr FRA,DF,Sevilla,23-223,2002,3.5,0,3,0,0.0,0.86,0.00,0.00,,18.8,0,0,0,0.1,0.1,0.03,-0.1,-0.1,Matches
350,Randy Nteka,ao ANG,FW,Rayo Vallecano,28-041,1997,0.6,0,2,0,0.0,3.53,0.00,0.00,,15.9,0,0,0,0.1,0.1,0.03,-0.1,-0.1,Matches
351,Álvaro Núñez,es ESP,DF,Elche,25-193,2000,18.3,0,4,0,0.0,0.22,0.00,0.00,,21.9,0,0,0,0.2,0.2,0.06,-0.2,-0.2,Matches
352,Ørjan Nyland,no NOR,GK,Sevilla,35-128,1990,4.0,0,0,0,,0.00,0.00,,,,0,0,0,0.0,0.0,,0.0,0.0,Matches
353,Allan Nyom,cm CMR,DF,Getafe,37-251,1988,3.0,0,3,1,33.3,0.99,0.33,0.00,0.00,19.3,0,0,0,0.2,0.2,0.07,-0.2,-0.2,Matches
354,Jan Oblak,si SVN,GK,Atlético Madrid,33-009,1993,18.0,0,0,0,,0.00,0.00,,,,0,0,0,0.0,0.0,,0.0,0.0,Matches
355,Álvaro Odriozola,es ESP,DF,Real Sociedad,30-033,1995,0.6,1,1,1,100.0,1.61,1.61,1.00,1.00,8.0,0,0,0,0.6,0.6,0.57,+0.4,+0.4,Matches
356,Olasagasti,es ESP,MF,Levante,25-153,2000,5.3,0,6,0,0.0,1.14,0.00,0.00,,25.3,0,0,0,0.2,0.2,0.03,-0.2,-0.2,Matches
357,Dani Olmo,es ESP,MF,Barcelona,27-254,1998,9.6,5,34,11,32.4,3.55,1.15,0.15,0.45,20.3,4,0,0,3.4,3.4,0.10,+1.6,+1.6,Matches
358,Tani Oluwaseyi,ca CAN,FW,Villarreal,25-246,2000,5.5,2,13,6,46.2,2.38,1.10,0.15,0.33,14.4,0,0,0,3.2,3.2,0.25,-1.2,-1.2,Matches
359,Aimar Oroz,es ESP,"MF,FW",Osasuna,24-050,2001,10.5,0,14,2,14.3,1.33,0.19,0.00,0.00,20.3,2,0,0,0.8,0.8,0.06,-0.8,-0.8,Matches
360,Ángel Ortíz,es ESP,DF,Real Betis,21-175,2004,3.4,0,0,0,,0.00,0.00,,,,0,0,0,0.0,0.0,,0.0,0.0,Matches
361,Asier Osambela,es ESP,"DF,MF",Osasuna,21-342,2004,2.4,0,1,0,0.0,0.42,0.00,0.00,,10.1,0,0,0,0.1,0.1,0.06,-0.1,-0.1,Matches
362,Azzedine Ounahi,ma MAR,"MF,FW",Girona,25-272,2000,8.7,3,20,7,35.0,2.31,0.81,0.15,0.43,22.1,1,0,0,0.9,0.9,0.05,+2.1,+2.1,Matches
363,Mikel Oyarzabal,es ESP,FW,Real Sociedad,28-270,1997,15.6,5,47,17,36.2,3.01,1.09,0.04,0.12,16.6,2,3,3,7.2,4.8,0.10,-2.2,-2.8,Matches
364,Jon Pacheco,es ESP,DF,Alavés,25-008,2001,11.7,0,2,0,0.0,0.17,0.00,0.00,,13.4,0,0,0,0.1,0.1,0.04,-0.1,-0.1,Matches
365,Isaac Palazón Camacho,es ESP,"MF,FW",Rayo Vallecano,31-020,1994,15.0,2,28,6,21.4,1.87,0.40,0.00,0.00,26.0,1,2,3,3.9,1.5,0.05,-1.9,-1.5,Matches
366,Diego Pampín,es ESP,DF,Levante,25-307,2000,3.1,0,1,0,0.0,0.32,0.00,0.00,,18.1,0,0,0,0.0,0.0,0.02,0.0,0.0,Matches
367,Victor Parada,es ESP,DF,Alavés,23-287,2002,10.4,0,5,1,20.0,0.48,0.10,0.00,0.00,15.6,0,0,0,0.5,0.5,0.10,-0.5,-0.5,Matches
368,Aitor Paredes,es ESP,DF,Athletic Club,25-262,2000,11.1,1,7,2,28.6,0.63,0.18,0.14,0.50,9.7,0,0,0,0.8,0.8,0.12,+0.2,+0.2,Matches
369,Daniel Parejo,es ESP,MF,Villarreal,36-275,1989,7.2,0,2,0,0.0,0.28,0.00,0.00,,28.3,2,0,0,0.2,0.2,0.08,-0.2,-0.2,Matches
370,Thomas Partey,gh GHA,MF,Villarreal,32-217,1993,7.3,0,8,1,12.5,1.10,0.14,0.00,0.00,25.4,0,0,0,0.4,0.4,0.04,-0.4,-0.4,Matches
371,Alfonso Pedraza,es ESP,"DF,MF",Villarreal,29-282,1996,8.8,1,6,1,16.7,0.68,0.11,0.17,1.00,17.8,0,0,0,0.5,0.5,0.08,+0.5,+0.5,Matches
372,Pedri,es ESP,MF,Barcelona,23-052,2002,12.5,2,15,7,46.7,1.20,0.56,0.13,0.29,20.2,0,0,0,1.2,1.2,0.08,+0.8,+0.8,Matches
373,Adrià Pedrosa,es ESP,DF,Elche,27-248,1998,5.6,1,8,1,12.5,1.43,0.18,0.13,1.00,20.9,0,0,0,0.4,0.4,0.04,+0.6,+0.6,Matches
374,Adrià Pedrosa,es ESP,DF,Sevilla,27-248,1998,0.1,0,0,0,,0.00,0.00,,,,0,0,0,0.0,0.0,,0.0,0.0,Matches
375,Iñaki Peña,es ESP,GK,Elche,26-320,1999,12.0,0,0,0,,0.00,0.00,,,,0,0,0,0.0,0.0,,0.0,0.0,Matches
376,Nicolas Pépé,ci CIV,"FW,MF",Villarreal,30-232,1995,11.4,2,30,10,33.3,2.63,0.88,0.07,0.20,15.0,1,0,0,5.0,5.0,0.17,-3.0,-3.0,Matches
377,Peque,es ESP,"MF,FW",Sevilla,23-104,2002,7.0,1,11,4,36.4,1.57,0.57,0.09,0.25,17.1,0,0,0,0.7,0.7,0.07,+0.3,+0.3,Matches
378,Ayoze Pérez,es ESP,FW,Villarreal,32-171,1993,5.7,2,9,4,44.4,1.58,0.70,0.22,0.50,12.8,0,0,0,2.3,2.3,0.25,-0.3,-0.3,Matches
379,Francisco Perez,es ESP,"FW,MF",Rayo Vallecano,23-129,2002,7.7,1,8,3,37.5,1.04,0.39,0.13,0.33,12.5,0,0,0,1.1,1.1,0.14,-0.1,-0.1,Matches
380,Joselu Pérez,es ESP,FW,Getafe,21-310,2004,0.2,0,1,0,0.0,4.09,0.00,0.00,,13.9,0,0,0,0.0,0.0,0.04,0.0,0.0,Matches
381,Léo Pétrot,fr FRA,DF,Elche,28-276,1997,6.4,0,3,0,0.0,0.47,0.00,0.00,,17.7,0,0,0,0.1,0.1,0.05,-0.1,-0.1,Matches
382,Charles Pickel,cd COD,MF,Espanyol,28-246,1997,4.0,0,6,1,16.7,1.49,0.25,0.00,0.00,23.2,0,0,0,0.3,0.3,0.05,-0.3,-0.3,Matches
383,Lander Pinillos,es ESP,MF,Alavés,22-102,2003,0.0,0,0,0,,0.00,0.00,,,,0,0,0,0.0,0.0,,0.0,0.0,Matches
384,Yeremi Pino,es ESP,"MF,FW",Villarreal,23-088,2002,1.8,0,2,1,50.0,1.13,0.57,0.00,0.00,15.9,0,0,0,0.2,0.2,0.08,-0.2,-0.2,Matches
385,Portu,es ESP,"FW,MF",Girona,33-240,1992,5.3,0,9,5,55.6,1.71,0.95,0.00,0.00,13.7,0,0,0,1.3,1.3,0.14,-1.3,-1.3,Matches
386,Beñat Prados,es ESP,MF,Athletic Club,24-342,2001,0.9,0,1,0,0.0,1.06,0.00,0.00,,22.9,0,0,0,0.0,0.0,0.03,0.0,0.0,Matches
387,Abdón Prats,es ESP,"FW,MF",Mallorca,33-040,1992,0.9,0,3,1,33.3,3.18,1.06,0.00,0.00,5.9,0,0,0,0.8,0.8,0.25,-0.8,-0.8,Matches
388,Javi Puado,es ESP,"FW,MF",Espanyol,27-236,1998,7.5,2,13,6,46.2,1.74,0.80,0.08,0.17,17.7,0,1,2,3.5,1.9,0.15,-1.5,-0.9,Matches
389,Marc Pubill,es ESP,DF,Atlético Madrid,22-210,2003,5.3,0,1,1,100.0,0.19,0.19,0.00,0.00,14.3,0,0,0,0.0,0.0,0.02,0.0,0.0,Matches
390,Dani Raba,es ESP,"FW,MF",Valencia,30-079,1995,2.8,0,8,1,12.5,2.86,0.36,0.00,0.00,22.5,1,0,0,0.2,0.2,0.03,-0.2,-0.2,Matches
391,Ionuț Radu,ro ROU,GK,Celta Vigo,28-233,1997,19.0,0,0,0,,0.00,0.00,,,,0,0,0,0.0,0.0,,0.0,0.0,Matches
392,Antonio Raillo,es ESP,DF,Mallorca,34-100,1991,18.0,0,9,1,11.1,0.50,0.06,0.00,0.00,12.2,0,0,0,0.4,0.4,0.05,-0.4,-0.4,Matches
393,Largie Ramazani,be BEL,"FW,MF",Valencia,24-323,2001,2.1,0,9,3,33.3,4.31,1.44,0.00,0.00,19.9,0,0,0,0.7,0.7,0.07,-0.7,-0.7,Matches
394,Raphinha,br BRA,"FW,MF",Barcelona,29-033,1996,8.5,7,35,8,22.9,4.13,0.94,0.17,0.75,20.3,2,1,1,5.5,4.7,0.14,+1.5,+1.3,Matches
395,Marcus Rashford,eng ENG,FW,Barcelona,28-077,1997,12.3,2,51,17,33.3,4.14,1.38,0.04,0.12,19.0,6,0,0,4.0,4.0,0.08,-2.0,-2.0,Matches
396,Giacomo Raspadori,it ITA,"FW,MF",Atlético Madrid,25-332,2000,2.6,0,7,3,42.9,2.67,1.14,0.00,0.00,14.2,0,0,0,0.7,0.7,0.10,-0.7,-0.7,Matches
397,Andrei Ratiu,ro ROU,DF,Rayo Vallecano,27-210,1998,17.4,0,18,6,33.3,1.03,0.34,0.00,0.00,21.9,0,0,0,1.4,1.4,0.08,-1.4,-1.4,Matches
398,Raúl,es ESP,FW,Osasuna,25-074,2000,6.9,3,19,10,52.6,2.75,1.45,0.16,0.30,12.6,1,0,0,3.0,3.0,0.16,0.0,0.0,Matches
399,Abde Rebbach,dz ALG,MF,Alavés,27-158,1998,8.5,0,23,8,34.8,2.71,0.94,0.00,0.00,21.1,1,0,0,1.2,1.2,0.05,-1.2,-1.2,Matches
400,Federico Redondo,ar ARG,MF,Elche,22-363,2003,0.3,0,0,0,,0.00,0.00,,,,0,0,0,0.0,0.0,,0.0,0.0,Matches
401,Alejandro Rego,es ESP,MF,Athletic Club,22-219,2003,4.8,1,6,2,33.3,1.24,0.41,0.17,0.50,24.4,0,0,0,0.3,0.3,0.04,+0.7,+0.7,Matches
402,Alberto Reina,es ESP,MF,Oviedo,28-129,1997,10.5,1,10,4,40.0,0.95,0.38,0.10,0.25,17.0,0,0,0,1.3,1.3,0.13,-0.3,-0.3,Matches
403,Vitor Reis,br BRA,DF,Girona,20-004,2006,16.9,0,5,0,0.0,0.30,0.00,0.00,,14.1,0,0,0,0.3,0.3,0.06,-0.3,-0.3,Matches
404,Álex Remiro,es ESP,GK,Real Sociedad,30-298,1995,19.0,0,0,0,,0.00,0.00,,,,0,0,0,0.0,0.0,,0.0,0.0,Matches
405,Oriol Rey,es ESP,MF,Levante,27-325,1998,8.3,0,4,1,25.0,0.48,0.12,0.00,0.00,26.9,0,0,0,0.3,0.3,0.08,-0.3,-0.3,Matches
406,Diego Rico,es ESP,DF,Getafe,32-327,1993,16.0,0,8,1,12.5,0.50,0.06,0.00,0.00,28.1,0,0,0,0.2,0.2,0.02,-0.2,-0.2,Matches
407,Clemens Riedel,de GER,DF,Espanyol,22-181,2003,5.8,0,3,1,33.3,0.52,0.17,0.00,0.00,21.5,0,0,0,0.1,0.1,0.04,-0.1,-0.1,Matches
408,Hugo Rincón,es ESP,DF,Girona,22-354,2003,9.4,0,3,0,0.0,0.32,0.00,0.00,,7.8,0,0,0,0.6,0.6,0.19,-0.6,-0.6,Matches
409,Luis Rioja,es ESP,"MF,FW",Valencia,32-092,1993,13.4,1,25,3,12.0,1.87,0.22,0.04,0.33,20.6,2,0,0,1.3,1.3,0.05,-0.3,-0.3,Matches
410,Rodrigo Riquelme,es ESP,"FW,MF",Real Betis,25-289,2000,6.4,0,15,3,20.0,2.35,0.47,0.00,0.00,18.5,0,0,0,1.5,1.5,0.10,-1.5,-1.5,Matches
411,Mihailo Ristić,rs SRB,"DF,MF",Celta Vigo,30-077,1995,2.8,0,1,0,0.0,0.36,0.00,0.00,,33.7,0,0,0,0.0,0.0,0.02,0.0,0.0,Matches
412,Joel Roca,es ESP,"FW,MF",Girona,20-223,2005,8.7,1,20,7,35.0,2.31,0.81,0.05,0.14,19.1,0,0,0,1.2,1.2,0.06,-0.2,-0.2,Matches
413,Marc Roca,es ESP,MF,Real Betis,29-051,1996,10.1,0,5,2,40.0,0.50,0.20,0.00,0.00,9.7,0,0,0,0.8,0.8,0.15,-0.8,-0.8,Matches
414,Álvaro Rodríguez,uy URU,FW,Elche,21-186,2004,10.4,3,34,11,32.4,3.28,1.06,0.09,0.27,11.5,0,0,0,3.4,3.4,0.10,-0.4,-0.4,Matches
415,Damián Rodríguez,es ESP,MF,Celta Vigo,22-305,2003,1.7,0,3,0,0.0,1.80,0.00,0.00,,29.0,0,0,0,0.1,0.1,0.02,-0.1,-0.1,Matches
416,Dani Rodríguez,es ESP,MF,Mallorca,37-224,1988,0.8,0,1,0,0.0,1.32,0.00,0.00,,27.8,0,0,0,0.0,0.0,0.02,0.0,0.0,Matches
417,Javi Rodríguez,es ESP,DF,Celta Vigo,22-204,2003,12.8,0,5,2,40.0,0.39,0.16,0.00,0.00,15.8,0,0,0,0.3,0.3,0.07,-0.3,-0.3,Matches
418,Ricardo Rodríguez,ch SUI,DF,Real Betis,33-144,1992,8.6,0,2,0,0.0,0.23,0.00,0.00,,17.9,0,0,0,0.1,0.1,0.05,-0.1,-0.1,Matches
419,Rodrygo,br BRA,"FW,MF",Real Madrid,25-007,2001,7.0,1,23,9,39.1,3.26,1.28,0.04,0.11,16.9,2,0,0,1.8,1.8,0.08,-0.8,-0.8,Matches
420,Leo Román,es ESP,GK,Mallorca,25-194,2000,14.0,0,0,0,,0.00,0.00,,,,0,0,0,0.0,0.0,,0.0,0.0,Matches
421,Miguel Román,es ESP,MF,Celta Vigo,23-021,2002,8.1,1,7,1,14.3,0.86,0.12,0.14,1.00,17.0,0,0,0,0.9,0.9,0.13,+0.1,+0.1,Matches
422,Carlos Romero,es ESP,DF,Espanyol,24-079,2001,17.6,4,18,6,33.3,1.02,0.34,0.22,0.67,19.2,0,0,0,1.8,1.8,0.10,+2.2,+2.2,Matches
423,Isaac Romero,es ESP,FW,Sevilla,25-243,2000,9.0,3,22,8,36.4,2.45,0.89,0.14,0.38,15.1,0,0,1,4.1,3.2,0.15,-1.1,-0.2,Matches
424,Iván Romero,es ESP,FW,Levante,24-281,2001,12.6,4,28,8,28.6,2.21,0.63,0.14,0.50,14.4,0,0,0,4.5,4.5,0.16,-0.5,-0.5,Matches
425,Salomón Rondón,ve VEN,FW,Oviedo,36-122,1989,11.5,2,23,4,17.4,2.01,0.35,0.09,0.50,15.9,0,0,1,3.0,2.2,0.10,-1.0,-0.2,Matches
426,Valentin Rosier,fr FRA,"DF,MF",Osasuna,29-150,1996,9.7,0,3,0,0.0,0.31,0.00,0.00,,25.0,0,0,0,0.1,0.1,0.03,-0.1,-0.1,Matches
427,Rubén,es ESP,"DF,MF",Espanyol,24-346,2001,3.6,0,1,0,0.0,0.27,0.00,0.00,,39.0,0,0,0,0.0,0.0,0.01,0.0,0.0,Matches
428,Antonio Rüdiger,de GER,DF,Real Madrid,32-319,1993,6.7,0,3,0,0.0,0.45,0.00,0.00,,21.1,0,0,0,0.1,0.1,0.02,-0.1,-0.1,Matches
429,Javier Rueda Garcia,es ESP,"MF,DF",Celta Vigo,23-253,2002,7.8,1,6,2,33.3,0.77,0.26,0.17,0.50,19.4,0,0,0,0.6,0.6,0.10,+0.4,+0.4,Matches
430,Matteo Ruggeri,it ITA,DF,Atlético Madrid,23-189,2002,8.6,0,3,2,66.7,0.35,0.23,0.00,0.00,14.6,0,0,0,0.1,0.1,0.03,-0.1,-0.1,Matches
431,Aitor Ruibal,es ESP,"FW,DF",Real Betis,29-300,1996,9.5,3,17,8,47.1,1.79,0.84,0.18,0.38,17.9,0,0,0,2.4,2.4,0.14,+0.6,+0.6,Matches
432,Abel Ruiz,es ESP,"FW,MF",Girona,25-353,2000,0.4,0,0,0,,0.00,0.00,,,,0,0,0,0.0,0.0,,0.0,0.0,Matches
433,Mathew Ryan,au AUS,GK,Levante,33-283,1992,16.0,0,0,0,,0.00,0.00,,,,0,0,0,0.0,0.0,,0.0,0.0,Matches
434,Umar Sadiq,ng NGA,FW,Valencia,28-348,1997,0.3,0,0,0,,0.00,0.00,,,,0,0,0,0.0,0.0,,0.0,0.0,Matches
435,Umar Sadiq,ng NGA,FW,Real Sociedad,28-348,1997,1.7,0,4,0,0.0,2.35,0.00,0.00,,11.7,0,0,0,0.2,0.2,0.05,-0.2,-0.2,Matches
436,Jan Salas,es ESP,MF,Mallorca,20-159,2005,0.2,0,0,0,,0.00,0.00,,,,0,0,0,0.0,0.0,,0.0,0.0,Matches
437,Kike Salas,es ESP,DF,Sevilla,23-268,2002,6.5,0,3,1,33.3,0.46,0.15,0.00,0.00,10.8,0,0,0,0.1,0.1,0.04,-0.1,-0.1,Matches
438,José Salinas,es ESP,"DF,FW",Espanyol,25-108,2000,1.6,0,0,0,,0.00,0.00,,,,0,0,0,0.0,0.0,,0.0,0.0,Matches
439,Oihan Sancet,es ESP,MF,Athletic Club,25-266,2000,10.5,1,23,5,21.7,2.19,0.48,0.00,0.00,15.5,0,1,1,3.0,2.2,0.10,-2.0,-2.2,Matches
440,Alexis Sánchez,cl CHI,"FW,MF",Sevilla,37-028,1988,8.2,2,12,4,33.3,1.47,0.49,0.08,0.25,16.6,1,1,1,1.6,0.8,0.07,+0.4,+0.2,Matches
441,Antonio Sánchez,es ESP,"MF,FW",Mallorca,29-015,1997,6.9,0,3,1,33.3,0.43,0.14,0.00,0.00,19.0,0,0,0,0.1,0.1,0.03,-0.1,-0.1,Matches
442,Juanlu Sánchez,es ESP,"DF,FW",Sevilla,22-154,2003,11.9,0,8,1,12.5,0.67,0.08,0.00,0.00,16.0,0,0,0,0.6,0.6,0.07,-0.6,-0.6,Matches
443,Borja Sánchez Laborde,es ESP,MF,Oviedo,29-324,1996,0.2,0,0,0,,0.00,0.00,,,,0,0,0,0.0,0.0,,0.0,0.0,Matches
444,Manu Sánchez,es ESP,DF,Levante,25-145,2000,14.5,1,7,2,28.6,0.48,0.14,0.14,0.50,16.4,0,0,0,0.5,0.5,0.08,+0.5,+0.5,Matches
445,Selton Sánchez,es ESP,MF,Athletic Club,18-330,2007,1.5,0,4,1,25.0,2.75,0.69,0.00,0.00,17.0,0,0,0,0.3,0.3,0.07,-0.3,-0.3,Matches
446,Álex Sancris,es ESP,"MF,FW",Getafe,28-363,1997,7.0,0,11,4,36.4,1.57,0.57,0.00,0.00,28.6,1,0,0,0.3,0.3,0.03,-0.3,-0.3,Matches
447,Maroan Sannadi,ma MAR,FW,Athletic Club,24-349,2001,2.9,1,7,4,57.1,2.43,1.39,0.14,0.25,18.2,0,0,0,1.0,1.0,0.15,0.0,0.0,Matches
448,Baptiste Santamaria,fr FRA,MF,Valencia,30-313,1995,7.4,1,6,2,33.3,0.81,0.27,0.17,0.50,23.4,0,0,0,0.4,0.4,0.06,+0.6,+0.6,Matches
449,Yago Santiago,es ESP,"MF,DF",Elche,22-276,2003,1.9,0,2,0,0.0,1.03,0.00,0.00,,12.0,0,0,0,0.1,0.1,0.06,-0.1,-0.1,Matches
450,Nicolás Serrano,es ESP,FW,Athletic Club,22-317,2003,1.8,0,6,0,0.0,3.27,0.00,0.00,,19.9,0,0,0,0.3,0.3,0.05,-0.3,-0.3,Matches
451,Kwasi Sibo,gh GHA,MF,Oviedo,27-206,1998,6.2,0,6,2,33.3,0.96,0.32,0.00,0.00,23.3,0,0,0,0.3,0.3,0.05,-0.3,-0.3,Matches
452,André Silva,pt POR,FW,Elche,30-071,1995,8.6,4,22,8,36.4,2.57,0.94,0.18,0.50,13.8,1,0,0,4.1,4.1,0.19,-0.1,-0.1,Matches
453,Giuliano Simeone,ar ARG,"MF,FW",Atlético Madrid,23-029,2002,15.1,2,23,7,30.4,1.52,0.46,0.09,0.29,13.5,0,0,0,3.2,3.2,0.14,-1.2,-1.2,Matches
454,Unai Simón,es ESP,GK,Athletic Club,28-219,1997,19.0,0,0,0,,0.00,0.00,,,,0,0,0,0.0,0.0,,0.0,0.0,Matches
455,Antonio Sivera,es ESP,GK,Alavés,29-158,1996,19.0,0,0,0,,0.00,0.00,,,,0,0,0,0.0,0.0,,0.0,0.0,Matches
456,Alex Sola,es ESP,FW,Getafe,26-221,1999,0.1,0,0,0,,0.00,0.00,,,,0,0,0,0.0,0.0,,0.0,0.0,Matches
457,Carlos Soler,es ESP,MF,Real Sociedad,29-014,1997,10.5,2,19,11,57.9,1.82,1.05,0.11,0.18,19.4,0,0,0,1.6,1.6,0.09,+0.4,+0.4,Matches
458,Jhon Solis,co COL,MF,Girona,21-105,2004,4.2,0,3,2,66.7,0.71,0.47,0.00,0.00,12.6,0,0,0,0.2,0.2,0.06,-0.2,-0.2,Matches
459,Manor Solomon,il ISR,MF,Villarreal,26-176,1999,1.7,1,2,1,50.0,1.20,0.60,0.50,1.00,14.7,0,0,0,0.4,0.4,0.21,+0.6,+0.6,Matches
460,Hugo Solozabal,es ESP,MF,Getafe,22-343,2003,0.1,0,0,0,,0.00,0.00,,,,0,0,0,0.0,0.0,,0.0,0.0,Matches
461,David Soria,es ESP,GK,Getafe,32-287,1993,19.0,0,0,0,,0.00,0.00,,,,0,0,0,0.0,0.0,,0.0,0.0,Matches
462,Hugo Sotelo,es ESP,MF,Celta Vigo,22-028,2003,8.6,0,2,1,50.0,0.23,0.12,0.00,0.00,28.5,1,0,0,0.1,0.1,0.05,-0.1,-0.1,Matches
463,Djibril Sow,ch SUI,MF,Sevilla,28-344,1997,12.2,2,10,3,30.0,0.82,0.25,0.20,0.67,17.4,0,0,0,0.6,0.6,0.06,+1.4,+1.4,Matches
464,Carl Starfelt,se SWE,DF,Celta Vigo,30-229,1995,9.7,0,3,1,33.3,0.31,0.10,0.00,0.00,7.7,0,0,0,0.4,0.4,0.14,-0.4,-0.4,Matches
465,Orri Steinn Óskarsson,is ISL,FW,Real Sociedad,21-140,2004,1.3,1,3,2,66.7,2.33,1.55,0.33,0.50,11.6,0,0,0,0.5,0.5,0.16,+0.5,+0.5,Matches
466,Cristhian Stuani,uy URU,FW,Girona,39-096,1986,2.3,3,2,1,50.0,0.87,0.44,0.00,0.00,31.2,0,3,3,2.7,0.5,0.23,+0.3,-0.5,Matches
467,Denis Suárez,es ESP,MF,Alavés,32-010,1994,9.6,1,4,2,50.0,0.42,0.21,0.25,0.50,18.2,0,0,0,0.7,0.7,0.18,+0.3,+0.3,Matches
468,Gabriel Suazo,cl CHI,"DF,MF",Sevilla,28-160,1997,11.0,0,2,1,50.0,0.18,0.09,0.00,0.00,14.3,0,0,0,0.3,0.3,0.16,-0.3,-0.3,Matches
469,Luka Sučić,hr CRO,"MF,FW",Real Sociedad,23-130,2002,2.6,0,5,2,40.0,1.91,0.77,0.00,0.00,17.3,0,0,0,0.4,0.4,0.07,-0.4,-0.4,Matches
470,Williot Swedberg,se SWE,"MF,FW",Celta Vigo,21-349,2004,5.6,3,10,6,60.0,1.79,1.07,0.30,0.50,12.1,0,0,0,2.4,2.4,0.24,+0.6,+0.6,Matches
471,Wojciech Szczęsny,pl POL,GK,Barcelona,35-273,1990,6.0,0,0,0,,0.00,0.00,,,,0,0,0,0.0,0.0,,0.0,0.0,Matches
472,Alexander Sørloth,no NOR,FW,Atlético Madrid,30-042,1995,10.0,5,29,16,55.2,2.89,1.59,0.17,0.31,11.9,0,0,0,4.3,4.3,0.15,+0.7,+0.7,Matches
473,César Tárrega,es ESP,DF,Valencia,23-324,2002,17.3,0,7,1,14.3,0.41,0.06,0.00,0.00,13.5,0,0,0,0.3,0.3,0.04,-0.3,-0.3,Matches
474,Aurélien Tchouaméni,fr FRA,MF,Real Madrid,25-354,2000,15.4,0,20,3,15.0,1.30,0.19,0.00,0.00,21.0,0,0,0,1.3,1.3,0.06,-1.3,-1.3,Matches
475,Nahuel Tenaglia,ar ARG,DF,Alavés,29-329,1996,18.0,1,13,2,15.4,0.72,0.11,0.08,0.50,14.0,0,0,0,0.8,0.8,0.06,+0.2,+0.2,Matches
476,Arnau Tenas,es ESP,GK,Villarreal,24-231,2001,3.0,0,0,0,,0.00,0.00,,,,0,0,0,0.0,0.0,,0.0,0.0,Matches
477,Ramón Terrats,es ESP,"MF,FW",Espanyol,25-090,2000,3.2,0,2,0,0.0,0.63,0.00,0.00,,51.8,0,0,0,0.3,0.3,0.17,-0.3,-0.3,Matches
478,Jeremy Toljan,de GER,DF,Levante,31-161,1994,16.9,1,5,1,20.0,0.30,0.06,0.20,1.00,22.0,0,0,0,0.8,0.8,0.16,+0.2,+0.2,Matches
479,Pablo Torre,es ESP,"MF,FW",Mallorca,22-288,2003,7.5,0,6,3,50.0,0.80,0.40,0.00,0.00,22.8,0,0,0,0.5,0.5,0.08,-0.5,-0.5,Matches
480,Jofre Torrents,es ESP,DF,Barcelona,18-353,2007,0.6,0,0,0,,0.00,0.00,,,,0,0,0,0.0,0.0,,0.0,0.0,Matches
481,Ferrán Torres,es ESP,FW,Barcelona,25-321,2000,12.7,11,42,22,52.4,3.30,1.73,0.26,0.50,13.7,1,0,0,8.7,8.7,0.21,+2.3,+2.3,Matches
482,Lucas Torró,es ESP,MF,Osasuna,31-181,1994,14.9,0,13,4,30.8,0.87,0.27,0.00,0.00,17.3,0,0,0,0.9,0.9,0.07,-0.9,-0.9,Matches
483,Óscar Trejo,ar ARG,MF,Rayo Vallecano,37-265,1988,0.5,0,1,1,100.0,2.05,2.05,0.00,0.00,16.2,0,0,0,0.2,0.2,0.17,-0.2,-0.2,Matches
484,Viktor Tsyhankov,ua UKR,"MF,FW",Girona,28-062,1997,10.6,4,16,10,62.5,1.51,0.95,0.25,0.40,18.5,2,0,0,2.2,2.2,0.14,+1.8,+1.8,Matches
485,Kareem Tunde,es ESP,FW,Levante,20-150,2005,1.9,0,3,1,33.3,1.61,0.54,0.00,0.00,20.1,0,0,0,0.2,0.2,0.07,-0.2,-0.2,Matches
486,Beñat Turrientes,es ESP,MF,Real Sociedad,23-350,2002,4.6,0,9,2,22.2,1.95,0.43,0.00,0.00,24.1,0,0,0,0.3,0.3,0.04,-0.3,-0.3,Matches
487,Christantus Uche,ng NGA,FW,Getafe,22-242,2003,3.0,1,6,1,16.7,2.00,0.33,0.17,1.00,14.4,0,0,0,1.4,1.4,0.24,-0.4,-0.4,Matches
488,Filip Ugrinic,ch SUI,MF,Valencia,27-011,1999,4.0,0,4,0,0.0,1.01,0.00,0.00,,26.4,0,0,0,0.2,0.2,0.05,-0.2,-0.2,Matches
489,Victor Valdepeñas,es ESP,DF,Real Madrid,19-088,2006,0.9,0,0,0,,0.00,0.00,,,,0,0,0,0.0,0.0,,0.0,0.0,Matches
490,Óscar Valentín,es ESP,MF,Rayo Vallecano,31-149,1994,12.6,0,8,2,25.0,0.63,0.16,0.00,0.00,18.7,0,0,0,0.3,0.3,0.04,-0.3,-0.3,Matches
491,Germán Valera,es ESP,"DF,MF",Elche,23-306,2002,15.1,3,14,5,35.7,0.93,0.33,0.21,0.60,16.1,0,0,0,1.6,1.6,0.11,+1.4,+1.4,Matches
492,Martin Valjent,sk SVK,DF,Mallorca,30-036,1995,19.0,0,11,5,45.5,0.58,0.26,0.00,0.00,27.6,0,0,0,0.5,0.5,0.04,-0.5,-0.5,Matches
493,Álvaro Vallés,es ESP,GK,Real Betis,28-175,1997,12.0,0,0,0,,0.00,0.00,,,,0,0,0,0.0,0.0,,0.0,0.0,Matches
494,Federico Valverde,uy URU,"MF,DF",Real Madrid,27-178,1998,16.4,0,27,8,29.6,1.65,0.49,0.00,0.00,26.1,2,0,0,1.4,1.4,0.05,-1.4,-1.4,Matches
495,Vladyslav Vanat,ua UKR,FW,Girona,24-012,2002,13.0,5,15,10,66.7,1.15,0.77,0.27,0.40,13.6,0,1,1,4.4,3.7,0.24,+0.6,+0.3,Matches
496,Ruben Vargas,ch SUI,"FW,MF",Sevilla,27-164,1998,9.7,3,21,4,19.0,2.17,0.41,0.10,0.50,18.2,1,1,1,2.0,1.2,0.06,+1.0,+0.8,Matches
497,José Luis García Vayá,es ESP,MF,Valencia,27-158,1998,14.7,2,17,1,5.9,1.15,0.07,0.06,1.00,26.3,5,1,2,2.3,0.8,0.05,-0.3,+0.2,Matches
498,Jesus Vazquez,es ESP,DF,Valencia,23-014,2003,6.2,0,6,2,33.3,0.97,0.32,0.00,0.00,21.9,0,0,0,0.2,0.2,0.04,-0.2,-0.2,Matches
499,Renato Veiga,pt POR,DF,Villarreal,22-171,2003,12.3,0,7,2,28.6,0.57,0.16,0.00,0.00,19.4,0,0,0,0.2,0.2,0.02,-0.2,-0.2,Matches
500,Unai Vencedor Paris,es ESP,MF,Levante,25-062,2000,7.7,0,0,0,,0.00,0.00,,,,0,0,0,0.0,0.0,,0.0,0.0,Matches
501,Jozhua Vertrouwd,nl NED,DF,Rayo Vallecano,21-148,2004,2.3,0,1,0,0.0,0.43,0.00,0.00,,12.2,0,0,0,0.0,0.0,0.05,0.0,0.0,Matches
502,Mikel Vesga,es ESP,MF,Athletic Club,32-240,1993,2.7,0,2,0,0.0,0.73,0.00,0.00,,18.9,0,0,0,0.1,0.1,0.06,-0.1,-0.1,Matches
503,Carlos Vicente,es ESP,"MF,FW",Alavés,26-268,1999,12.1,4,8,2,25.0,0.66,0.17,0.13,0.50,22.5,0,3,3,3.3,1.0,0.12,+0.7,0.0,Matches
504,Nacho Vidal,es ESP,DF,Oviedo,30-357,1995,10.9,0,6,2,33.3,0.55,0.18,0.00,0.00,22.6,0,0,0,1.0,1.0,0.17,-1.0,-1.0,Matches
505,Federico Viñas,uy URU,FW,Oviedo,27-200,1998,10.2,2,17,6,35.3,1.66,0.59,0.06,0.17,13.4,0,1,1,3.1,2.4,0.14,-1.1,-1.4,Matches
506,Jan Virgili,es ESP,"FW,MF",Mallorca,19-174,2006,10.4,0,16,6,37.5,1.55,0.58,0.00,0.00,20.3,1,0,0,1.4,1.4,0.08,-1.4,-1.4,Matches
507,Daniel Vivian,es ESP,DF,Athletic Club,26-185,1999,16.3,0,8,3,37.5,0.49,0.18,0.00,0.00,14.0,0,0,0,0.8,0.8,0.10,-0.8,-0.8,Matches
508,Odysseas Vlachodimos,gr GRE,GK,Sevilla,31-265,1994,15.0,0,0,0,,0.00,0.00,,,,0,0,0,0.0,0.0,,0.0,0.0,Matches
509,Iñaki Williams,gh GHA,FW,Athletic Club,31-215,1994,9.5,1,24,9,37.5,2.53,0.95,0.00,0.00,16.1,0,1,1,2.6,1.8,0.07,-1.6,-1.8,Matches
510,Nico Williams,es ESP,FW,Athletic Club,23-188,2002,11.7,3,25,8,32.0,2.13,0.68,0.08,0.25,16.8,0,1,2,4.1,2.5,0.10,-1.1,-0.5,Matches
511,Axel Witsel,be BEL,MF,Girona,37-004,1989,13.8,1,11,2,18.2,0.80,0.15,0.09,0.50,16.1,0,0,0,1.3,1.3,0.12,-0.3,-0.3,Matches
512,Lamine Yamal,es ESP,FW,Barcelona,18-187,2007,14.0,7,62,19,30.6,4.43,1.36,0.08,0.26,19.3,1,2,2,5.1,3.5,0.06,+1.9,+1.5,Matches
513,Arsen Zakharyan,ru RUS,MF,Real Sociedad,22-235,2003,3.2,0,6,1,16.7,1.86,0.31,0.00,0.00,26.1,0,0,0,0.1,0.1,0.02,-0.1,-0.1,Matches
514,Bryan Zaragoza,es ESP,"FW,MF",Celta Vigo,24-129,2001,10.6,0,20,8,40.0,1.89,0.76,0.00,0.00,18.3,0,0,0,0.9,0.9,0.04,-0.9,-0.9,Matches
515,Igor Zubeldia,es ESP,DF,Real Sociedad,28-292,1997,14.0,0,4,0,0.0,0.29,0.00,0.00,,11.2,0,0,0,0.2,0.2,0.05,-0.2,-0.2,Matches
